/*
 Navicat Premium Data Transfer

 Source Server         : DB Server
 Source Server Type    : MySQL
 Source Server Version : 80018
 Source Host           : localhost:3306
 Source Schema         : map_your_house

 Target Server Type    : MySQL
 Target Server Version : 80018
 File Encoding         : 65001

 Date: 13/08/2020 15:50:30
*/

CREATE DATABASE map_your_house;

SET NAMES utf8;
SET FOREIGN_KEY_CHECKS = 0;

use map_your_house;

-- ----------------------------
-- Table structure for tbl_area
-- ----------------------------
DROP TABLE IF EXISTS `tbl_area`;
CREATE TABLE `tbl_area`  (
  `AREA_ID` int(11) NOT NULL AUTO_INCREMENT COMMENT '自增列',
  `AREA_CODE` varchar(40) CHARACTER SET utf8 COLLATE utf8_general_ci NOT NULL COMMENT '区代码',
  `CITY_CODE` varchar(40) CHARACTER SET utf8 COLLATE utf8_general_ci NULL DEFAULT NULL COMMENT '父级市代码',
  `AREA_NAME` varchar(40) CHARACTER SET utf8 COLLATE utf8_general_ci NOT NULL COMMENT '市名称',
  `SHORT_NAME` varchar(20) CHARACTER SET utf8 COLLATE utf8_general_ci NOT NULL COMMENT '简称',
  `LNG` varchar(20) CHARACTER SET utf8 COLLATE utf8_general_ci NULL DEFAULT NULL COMMENT '经度',
  `LAT` varchar(20) CHARACTER SET utf8 COLLATE utf8_general_ci NULL DEFAULT NULL COMMENT '纬度',
  `SORT` int(6) NULL DEFAULT NULL COMMENT '排序',
  `GMT_CREATE` datetime(0) NULL DEFAULT NULL COMMENT '创建时间',
  `GMT_MODIFIED` datetime(0) NULL DEFAULT NULL COMMENT '修改时间',
  `MEMO` varchar(250) CHARACTER SET utf8 COLLATE utf8_general_ci NULL DEFAULT NULL COMMENT '备注',
  `DATA_STATE` int(11) NULL DEFAULT NULL COMMENT '状态',
  `TENANT_CODE` varchar(32) CHARACTER SET utf8 COLLATE utf8_general_ci NULL DEFAULT NULL COMMENT '租户ID',
  PRIMARY KEY (`AREA_ID`) USING BTREE,
  INDEX `Index_1`(`AREA_CODE`, `TENANT_CODE`) USING BTREE
) ENGINE = InnoDB AUTO_INCREMENT = 3678 CHARACTER SET = utf8 COLLATE = utf8_general_ci COMMENT = '地区设置' ROW_FORMAT = Dynamic;

-- ----------------------------
-- Records of tbl_area
-- ----------------------------
INSERT INTO `tbl_area` VALUES (718, '310101', '310100', '黄浦区', '黄浦', '121.490318', '31.222771', 7, '2019-02-28 17:16:58', '2019-02-28 17:17:05', '', 1, '00000000');
INSERT INTO `tbl_area` VALUES (719, '310104', '310100', '徐汇区', '徐汇', '121.437523', '31.179974', 15, '2019-02-28 17:16:58', '2019-02-28 17:17:05', '', 1, '00000000');
INSERT INTO `tbl_area` VALUES (720, '310105', '310100', '长宁区', '长宁', '121.422203', '31.218122', 2, '2019-02-28 17:16:58', '2019-02-28 17:17:05', '', 1, '00000000');
INSERT INTO `tbl_area` VALUES (721, '310106', '310100', '静安区', '静安', '121.448227', '31.229004', 9, '2019-02-28 17:16:58', '2019-02-28 17:17:05', '', 1, '00000000');
INSERT INTO `tbl_area` VALUES (722, '310107', '310100', '普陀区', '普陀', '121.392502', '31.241701', 12, '2019-02-28 17:16:58', '2019-02-28 17:17:05', '', 1, '00000000');
INSERT INTO `tbl_area` VALUES (723, '310108', '310100', '闸北区', '闸北', '121.465691', '31.25318', 17, '2019-02-28 17:16:58', '2019-02-28 17:17:05', '', 1, '00000000');
INSERT INTO `tbl_area` VALUES (724, '310109', '310100', '虹口区', '虹口', '121.491829', '31.260969', 6, '2019-02-28 17:16:58', '2019-02-28 17:17:05', '', 1, '00000000');
INSERT INTO `tbl_area` VALUES (725, '310110', '310100', '杨浦区', '杨浦', '121.522797', '31.270756', 16, '2019-02-28 17:16:58', '2019-02-28 17:17:05', '', 1, '00000000');
INSERT INTO `tbl_area` VALUES (726, '310112', '310100', '闵行区', '闵行', '121.375969', '31.111658', 11, '2019-02-28 17:16:58', '2019-02-28 17:17:05', '', 1, '00000000');
INSERT INTO `tbl_area` VALUES (727, '310113', '310100', '宝山区', '宝山', '121.489937', '31.398895', 1, '2019-02-28 17:16:58', '2019-02-28 17:17:05', '', 1, '00000000');
INSERT INTO `tbl_area` VALUES (728, '310114', '310100', '嘉定区', '嘉定', '121.250336', '31.383524', 8, '2019-02-28 17:16:58', '2019-02-28 17:17:05', '', 1, '00000000');
INSERT INTO `tbl_area` VALUES (729, '310115', '310100', '浦东新区', '浦东', '121.567703', '31.245943', 4, '2019-02-28 17:16:58', '2019-02-28 17:17:05', '', 1, '00000000');
INSERT INTO `tbl_area` VALUES (730, '310116', '310100', '金山区', '金山', '121.330734', '30.724697', 10, '2019-02-28 17:16:58', '2019-02-28 17:17:05', '', 1, '00000000');
INSERT INTO `tbl_area` VALUES (731, '310117', '310100', '松江区', '松江', '121.223541', '31.03047', 14, '2019-02-28 17:16:58', '2019-02-28 17:17:05', '', 1, '00000000');
INSERT INTO `tbl_area` VALUES (732, '310118', '310100', '青浦区', '青浦', '121.113022', '31.151209', 13, '2019-02-28 17:16:58', '2019-02-28 17:17:05', '', 1, '00000000');
INSERT INTO `tbl_area` VALUES (733, '310120', '310100', '奉贤区', '奉贤', '121.458473', '30.912346', 5, '2019-02-28 17:16:58', '2019-02-28 17:17:05', '', 1, '00000000');
INSERT INTO `tbl_area` VALUES (734, '310230', '310100', '崇明县', '崇明', '121.397514', '31.626945', 3, '2019-02-28 17:16:58', '2019-02-28 17:17:05', '', 1, '00000000');


-- ----------------------------
-- Table structure for tbl_city
-- ----------------------------
DROP TABLE IF EXISTS `tbl_city`;
CREATE TABLE `tbl_city`  (
  `CITY_ID` int(11) NOT NULL AUTO_INCREMENT COMMENT '自增列',
  `CITY_CODE` varchar(40) CHARACTER SET utf8 COLLATE utf8_general_ci NOT NULL COMMENT '市代码',
  `CITY_NAME` varchar(40) CHARACTER SET utf8 COLLATE utf8_general_ci NOT NULL COMMENT '市名称',
  `SHORT_NAME` varchar(20) CHARACTER SET utf8 COLLATE utf8_general_ci NOT NULL COMMENT '简称',
  `PROVINCE_CODE` varchar(40) CHARACTER SET utf8 COLLATE utf8_general_ci NULL DEFAULT NULL COMMENT '省代码',
  `LNG` varchar(20) CHARACTER SET utf8 COLLATE utf8_general_ci NULL DEFAULT NULL COMMENT '经度',
  `LAT` varchar(20) CHARACTER SET utf8 COLLATE utf8_general_ci NULL DEFAULT NULL COMMENT '纬度',
  `SORT` int(6) NULL DEFAULT NULL COMMENT '排序',
  `GMT_CREATE` datetime(0) NULL DEFAULT NULL COMMENT '创建时间',
  `GMT_MODIFIED` datetime(0) NULL DEFAULT NULL COMMENT '修改时间',
  `MEMO` varchar(250) CHARACTER SET utf8 COLLATE utf8_general_ci NULL DEFAULT NULL COMMENT '备注',
  `DATA_STATE` int(11) NULL DEFAULT NULL COMMENT '状态',
  `TENANT_CODE` varchar(32) CHARACTER SET utf8 COLLATE utf8_general_ci NULL DEFAULT NULL COMMENT '租户ID',
  PRIMARY KEY (`CITY_ID`) USING BTREE,
  INDEX `Index_1`(`CITY_CODE`, `TENANT_CODE`) USING BTREE
) ENGINE = InnoDB AUTO_INCREMENT = 390 CHARACTER SET = utf8 COLLATE = utf8_general_ci COMMENT = '城市设置' ROW_FORMAT = Dynamic;

-- ----------------------------
-- Records of tbl_city
-- ----------------------------
INSERT INTO `tbl_city` VALUES (73, '310100', '上海市', '上海', '310000', '121.472641', '31.231707', 1, '2019-02-28 17:16:58', '2019-02-28 17:17:05', '', 1, '00000000');


-- ----------------------------
-- Table structure for tbl_province
-- ----------------------------
DROP TABLE IF EXISTS `tbl_province`;
CREATE TABLE `tbl_province`  (
  `PROVINCE_ID` int(11) NOT NULL AUTO_INCREMENT COMMENT '自增列',
  `PROVINCE_CODE` varchar(40) CHARACTER SET utf8 COLLATE utf8_general_ci NOT NULL COMMENT '省份代码',
  `PROVINCE_NAME` varchar(50) CHARACTER SET utf8 COLLATE utf8_general_ci NOT NULL COMMENT '省份名称',
  `SHORT_NAME` varchar(20) CHARACTER SET utf8 COLLATE utf8_general_ci NOT NULL COMMENT '简称',
  `LNG` varchar(20) CHARACTER SET utf8 COLLATE utf8_general_ci NULL DEFAULT NULL COMMENT '经度',
  `LAT` varchar(20) CHARACTER SET utf8 COLLATE utf8_general_ci NULL DEFAULT NULL COMMENT '纬度',
  `SORT` int(6) NULL DEFAULT NULL COMMENT '排序',
  `GMT_CREATE` datetime(0) NULL DEFAULT NULL COMMENT '创建时间',
  `GMT_MODIFIED` datetime(0) NULL DEFAULT NULL COMMENT '修改时间',
  `MEMO` varchar(250) CHARACTER SET utf8 COLLATE utf8_general_ci NULL DEFAULT NULL COMMENT '备注',
  `DATA_STATE` int(11) NULL DEFAULT NULL COMMENT '状态',
  `TENANT_CODE` varchar(32) CHARACTER SET utf8 COLLATE utf8_general_ci NULL DEFAULT NULL COMMENT '租户ID',
  PRIMARY KEY (`PROVINCE_ID`) USING BTREE,
  INDEX `Index_1`(`PROVINCE_CODE`, `TENANT_CODE`) USING BTREE
) ENGINE = InnoDB AUTO_INCREMENT = 34 CHARACTER SET = utf8 COLLATE = utf8_general_ci COMMENT = '省份设置' ROW_FORMAT = Dynamic;

-- ----------------------------
-- Records of tbl_province
-- ----------------------------

INSERT INTO `tbl_province` VALUES (9, '310000', '上海', '上海', '121.472641', '31.231707', 9, '2019-02-28 17:16:58', '2019-02-28 17:17:05', '', 0, '00000000');


-- ----------------------------
-- Table structure for tbl_street
-- ----------------------------
DROP TABLE IF EXISTS `tbl_street`;
CREATE TABLE `tbl_street`  (
  `STREET_ID` int(11) NOT NULL AUTO_INCREMENT COMMENT '自增列',
  `STREET_CODE` varchar(40) CHARACTER SET utf8 COLLATE utf8_general_ci NOT NULL COMMENT '街道代码',
  `AREA_CODE` varchar(40) CHARACTER SET utf8 COLLATE utf8_general_ci NULL DEFAULT NULL COMMENT '父级区代码',
  `STREET_NAME` varchar(50) CHARACTER SET utf8 COLLATE utf8_general_ci NOT NULL COMMENT '街道名称',
  `SHORT_NAME` varchar(30) CHARACTER SET utf8 COLLATE utf8_general_ci NOT NULL COMMENT '简称',
  `LNG` varchar(20) CHARACTER SET utf8 COLLATE utf8_general_ci NULL DEFAULT NULL COMMENT '经度',
  `LAT` varchar(20) CHARACTER SET utf8 COLLATE utf8_general_ci NULL DEFAULT NULL COMMENT '纬度',
  `SORT` int(6) NULL DEFAULT NULL COMMENT '排序',
  `GMT_CREATE` datetime(0) NULL DEFAULT NULL COMMENT '创建时间',
  `GMT_MODIFIED` datetime(0) NULL DEFAULT NULL COMMENT '修改时间',
  `MEMO` varchar(250) CHARACTER SET utf8 COLLATE utf8_general_ci NULL DEFAULT NULL COMMENT '备注',
  `DATA_STATE` int(11) NULL DEFAULT NULL COMMENT '状态',
  `TENANT_CODE` varchar(32) CHARACTER SET utf8 COLLATE utf8_general_ci NULL DEFAULT NULL COMMENT '租户ID',
  PRIMARY KEY (`STREET_ID`) USING BTREE,
  INDEX `Index_1`(`STREET_CODE`, `TENANT_CODE`) USING BTREE
) ENGINE = InnoDB AUTO_INCREMENT = 42360 CHARACTER SET = utf8 COLLATE = utf8_general_ci COMMENT = '街道设置' ROW_FORMAT = Dynamic;

-- ----------------------------
-- Records of tbl_street
-- ----------------------------
INSERT INTO `tbl_street` VALUES (10009, '310101002', '310101', '南京东路街道', '南京东路街道', '121.490318', '31.222771', 5, '2019-02-28 17:16:58', '2019-02-28 17:17:05', '', 1, '00000000');
INSERT INTO `tbl_street` VALUES (10010, '310101013', '310101', '外滩街道', '外滩街道', '121.482338', '31.238417', 7, '2019-02-28 17:16:58', '2019-02-28 17:17:05', '', 1, '00000000');
INSERT INTO `tbl_street` VALUES (10011, '310101015', '310101', '半淞园路街道', '半淞园路街道', '121.490318', '31.222771', 1, '2019-02-28 17:16:58', '2019-02-28 17:17:05', '', 1, '00000000');
INSERT INTO `tbl_street` VALUES (10012, '310101017', '310101', '小东门街道', '小东门街道', '121.50032', '31.223551', 9, '2019-02-28 17:16:58', '2019-02-28 17:17:05', '', 1, '00000000');
INSERT INTO `tbl_street` VALUES (10013, '310101018', '310101', '豫园街道', '豫园街道', '121.493599', '31.226196', 10, '2019-02-28 17:16:58', '2019-02-28 17:17:05', '', 1, '00000000');
INSERT INTO `tbl_street` VALUES (10014, '310101019', '310101', '老西门街道', '老西门街道', '121.488976', '31.217466', 4, '2019-02-28 17:16:58', '2019-02-28 17:17:05', '', 1, '00000000');
INSERT INTO `tbl_street` VALUES (10015, '310101020', '310101', '五里桥街道', '五里桥街道', '121.479126', '31.19832', 8, '2019-02-28 17:16:58', '2019-02-28 17:17:05', '', 1, '00000000');
INSERT INTO `tbl_street` VALUES (10016, '310101021', '310101', '打浦桥街道', '打浦桥街道', '121.473824', '31.204077', 2, '2019-02-28 17:16:58', '2019-02-28 17:17:05', '', 1, '00000000');
INSERT INTO `tbl_street` VALUES (10017, '310101022', '310101', '淮海中路街道', '淮海中路街道', '121.490318', '31.222771', 3, '2019-02-28 17:16:58', '2019-02-28 17:17:05', '', 1, '00000000');
INSERT INTO `tbl_street` VALUES (10018, '310101023', '310101', '瑞金二路街道', '瑞金二路街道', '121.490318', '31.222771', 6, '2019-02-28 17:16:58', '2019-02-28 17:17:05', '', 1, '00000000');
INSERT INTO `tbl_street` VALUES (10019, '310104003', '310104', '天平路街道', '天平路街道', '121.437523', '31.179974', 11, '2019-02-28 17:16:58', '2019-02-28 17:17:05', '', 1, '00000000');
INSERT INTO `tbl_street` VALUES (10020, '310104004', '310104', '湖南路街道', '湖南路街道', '121.437523', '31.179974', 6, '2019-02-28 17:16:58', '2019-02-28 17:17:05', '', 1, '00000000');
INSERT INTO `tbl_street` VALUES (10021, '310104007', '310104', '斜土路街道', '斜土路街道', '121.437523', '31.179974', 12, '2019-02-28 17:16:58', '2019-02-28 17:17:05', '', 1, '00000000');
INSERT INTO `tbl_street` VALUES (10022, '310104008', '310104', '枫林路街道', '枫林路街道', '121.437523', '31.179974', 3, '2019-02-28 17:16:58', '2019-02-28 17:17:05', '', 1, '00000000');
INSERT INTO `tbl_street` VALUES (10023, '310104010', '310104', '长桥街道', '长桥街道', '121.440552', '31.137693', 14, '2019-02-28 17:16:58', '2019-02-28 17:17:05', '', 1, '00000000');
INSERT INTO `tbl_street` VALUES (10024, '310104011', '310104', '田林街道', '田林街道', '121.42527', '31.174652', 10, '2019-02-28 17:16:58', '2019-02-28 17:17:05', '', 1, '00000000');
INSERT INTO `tbl_street` VALUES (10025, '310104012', '310104', '虹梅路街道', '虹梅路街道', '121.437523', '31.179974', 4, '2019-02-28 17:16:58', '2019-02-28 17:17:05', '', 1, '00000000');
INSERT INTO `tbl_street` VALUES (10026, '310104013', '310104', '康健新村街道', '康健新村街道', '121.422668', '31.155811', 7, '2019-02-28 17:16:58', '2019-02-28 17:17:05', '', 1, '00000000');
INSERT INTO `tbl_street` VALUES (10027, '310104014', '310104', '徐家汇街道', '徐家汇街道', '121.435333', '31.188271', 13, '2019-02-28 17:16:58', '2019-02-28 17:17:05', '', 1, '00000000');
INSERT INTO `tbl_street` VALUES (10028, '310104015', '310104', '凌云路街道', '凌云路街道', '121.437523', '31.179974', 8, '2019-02-28 17:16:58', '2019-02-28 17:17:05', '', 1, '00000000');
INSERT INTO `tbl_street` VALUES (10029, '310104016', '310104', '龙华街道', '龙华街道', '121.45253', '31.170408', 9, '2019-02-28 17:16:58', '2019-02-28 17:17:05', '', 1, '00000000');
INSERT INTO `tbl_street` VALUES (10030, '310104017', '310104', '漕河泾街道', '漕河泾街道', '121.430244', '31.166271', 1, '2019-02-28 17:16:58', '2019-02-28 17:17:05', '', 1, '00000000');
INSERT INTO `tbl_street` VALUES (10031, '310104103', '310104', '华泾镇', '华泾镇', '121.456596', '31.117868', 5, '2019-02-28 17:16:58', '2019-02-28 17:17:05', '', 1, '00000000');
INSERT INTO `tbl_street` VALUES (10032, '310104501', '310104', '漕河泾新兴技术开发区', '漕河泾新兴技术开发区', '121.430244', '31.166271', 2, '2019-02-28 17:16:58', '2019-02-28 17:17:05', '', 1, '00000000');
INSERT INTO `tbl_street` VALUES (10033, '310105001', '310105', '华阳路街道', '华阳路街道', '121.422203', '31.218122', 4, '2019-02-28 17:16:58', '2019-02-28 17:17:05', '', 1, '00000000');
INSERT INTO `tbl_street` VALUES (10034, '310105002', '310105', '江苏路街道', '江苏路街道', '121.422203', '31.218122', 5, '2019-02-28 17:16:58', '2019-02-28 17:17:05', '', 1, '00000000');
INSERT INTO `tbl_street` VALUES (10035, '310105004', '310105', '新华路街道', '新华路街道', '121.422203', '31.218122', 8, '2019-02-28 17:16:58', '2019-02-28 17:17:05', '', 1, '00000000');
INSERT INTO `tbl_street` VALUES (10036, '310105005', '310105', '周家桥街道', '周家桥街道', '121.408104', '31.217493', 10, '2019-02-28 17:16:58', '2019-02-28 17:17:05', '', 1, '00000000');
INSERT INTO `tbl_street` VALUES (10037, '310105006', '310105', '天山路街道', '天山路街道', '121.422203', '31.218122', 6, '2019-02-28 17:16:58', '2019-02-28 17:17:05', '', 1, '00000000');
INSERT INTO `tbl_street` VALUES (10038, '310105008', '310105', '仙霞新村街道', '仙霞新村街道', '121.394585', '31.206863', 7, '2019-02-28 17:16:58', '2019-02-28 17:17:05', '', 1, '00000000');
INSERT INTO `tbl_street` VALUES (10039, '310105009', '310105', '虹桥街道', '虹桥街道', '121.41066', '31.196987', 3, '2019-02-28 17:16:58', '2019-02-28 17:17:05', '', 1, '00000000');
INSERT INTO `tbl_street` VALUES (10040, '310105010', '310105', '程家桥街道', '程家桥街道', '121.368896', '31.193672', 2, '2019-02-28 17:16:58', '2019-02-28 17:17:05', '', 1, '00000000');
INSERT INTO `tbl_street` VALUES (10041, '310105011', '310105', '北新泾街道', '北新泾街道', '121.374344', '31.218588', 1, '2019-02-28 17:16:58', '2019-02-28 17:17:05', '', 1, '00000000');
INSERT INTO `tbl_street` VALUES (10042, '310105102', '310105', '新泾镇', '新泾镇', '121.372551', '31.212299', 9, '2019-02-28 17:16:58', '2019-02-28 17:17:05', '', 1, '00000000');
INSERT INTO `tbl_street` VALUES (10043, '310106006', '310106', '江宁路街道', '江宁路街道', '121.448227', '31.229004', 2, '2019-02-28 17:16:58', '2019-02-28 17:17:05', '', 1, '00000000');
INSERT INTO `tbl_street` VALUES (10044, '310106011', '310106', '石门二路街道', '石门二路街道', '121.448227', '31.229004', 5, '2019-02-28 17:16:58', '2019-02-28 17:17:05', '', 1, '00000000');
INSERT INTO `tbl_street` VALUES (10045, '310106012', '310106', '南京西路街道', '南京西路街道', '121.448227', '31.229004', 4, '2019-02-28 17:16:58', '2019-02-28 17:17:05', '', 1, '00000000');
INSERT INTO `tbl_street` VALUES (10046, '310106013', '310106', '静安寺街道', '静安寺街道', '121.446564', '31.220114', 3, '2019-02-28 17:16:58', '2019-02-28 17:17:05', '', 1, '00000000');
INSERT INTO `tbl_street` VALUES (10047, '310106014', '310106', '曹家渡街道', '曹家渡街道', '121.432487', '31.226091', 1, '2019-02-28 17:16:58', '2019-02-28 17:17:05', '', 1, '00000000');
INSERT INTO `tbl_street` VALUES (10048, '310107005', '310107', '曹杨新村街道', '曹杨新村街道', '121.407524', '31.237305', 1, '2019-02-28 17:16:58', '2019-02-28 17:17:05', '', 1, '00000000');
INSERT INTO `tbl_street` VALUES (10049, '310107014', '310107', '长风新村街道', '长风新村街道', '121.399544', '31.232462', 6, '2019-02-28 17:16:58', '2019-02-28 17:17:05', '', 1, '00000000');
INSERT INTO `tbl_street` VALUES (10050, '310107015', '310107', '长寿路街道', '长寿路街道', '121.392502', '31.241701', 7, '2019-02-28 17:16:58', '2019-02-28 17:17:05', '', 1, '00000000');
INSERT INTO `tbl_street` VALUES (10051, '310107016', '310107', '甘泉路街道', '甘泉路街道', '121.392502', '31.241701', 2, '2019-02-28 17:16:58', '2019-02-28 17:17:05', '', 1, '00000000');
INSERT INTO `tbl_street` VALUES (10052, '310107017', '310107', '石泉路街道', '石泉路街道', '121.392502', '31.241701', 3, '2019-02-28 17:16:58', '2019-02-28 17:17:05', '', 1, '00000000');
INSERT INTO `tbl_street` VALUES (10053, '310107020', '310107', '宜川路街道', '宜川路街道', '121.392502', '31.241701', 5, '2019-02-28 17:16:58', '2019-02-28 17:17:05', '', 1, '00000000');
INSERT INTO `tbl_street` VALUES (10054, '310107101', '310107', '真如镇', '真如镇', '121.401268', '31.25696', 9, '2019-02-28 17:16:58', '2019-02-28 17:17:05', '', 1, '00000000');
INSERT INTO `tbl_street` VALUES (10055, '310107102', '310107', '长征镇', '长征镇', '121.373306', '31.2379', 8, '2019-02-28 17:16:58', '2019-02-28 17:17:05', '', 1, '00000000');
INSERT INTO `tbl_street` VALUES (10056, '310107103', '310107', '桃浦镇', '桃浦镇', '121.36348', '31.27898', 4, '2019-02-28 17:16:58', '2019-02-28 17:17:05', '', 1, '00000000');
INSERT INTO `tbl_street` VALUES (10057, '310108001', '310108', '天目西路街道', '天目西路街道', '121.465691', '31.25318', 8, '2019-02-28 17:16:58', '2019-02-28 17:17:05', '', 1, '00000000');
INSERT INTO `tbl_street` VALUES (10058, '310108006', '310108', '北站街道', '北站街道', '121.471718', '31.246944', 2, '2019-02-28 17:16:58', '2019-02-28 17:17:05', '', 1, '00000000');
INSERT INTO `tbl_street` VALUES (10059, '310108007', '310108', '宝山路街道', '宝山路街道', '121.465691', '31.25318', 1, '2019-02-28 17:16:58', '2019-02-28 17:17:05', '', 1, '00000000');
INSERT INTO `tbl_street` VALUES (10060, '310108012', '310108', '共和新路街道', '共和新路街道', '121.465691', '31.25318', 4, '2019-02-28 17:16:58', '2019-02-28 17:17:05', '', 1, '00000000');
INSERT INTO `tbl_street` VALUES (10061, '310108013', '310108', '大宁路街道', '大宁路街道', '121.465691', '31.25318', 3, '2019-02-28 17:16:58', '2019-02-28 17:17:05', '', 1, '00000000');
INSERT INTO `tbl_street` VALUES (10062, '310108014', '310108', '彭浦新村街道', '彭浦新村街道', '121.445381', '31.312256', 6, '2019-02-28 17:16:58', '2019-02-28 17:17:05', '', 1, '00000000');
INSERT INTO `tbl_street` VALUES (10063, '310108015', '310108', '临汾路街道', '临汾路街道', '121.465691', '31.25318', 5, '2019-02-28 17:16:58', '2019-02-28 17:17:05', '', 1, '00000000');
INSERT INTO `tbl_street` VALUES (10064, '310108016', '310108', '芷江西路街道', '芷江西路街道', '121.465691', '31.25318', 9, '2019-02-28 17:16:58', '2019-02-28 17:17:05', '', 1, '00000000');
INSERT INTO `tbl_street` VALUES (10065, '310108101', '310108', '彭浦镇', '彭浦镇', '121.44706', '31.281563', 7, '2019-02-28 17:16:58', '2019-02-28 17:17:05', '', 1, '00000000');
INSERT INTO `tbl_street` VALUES (10066, '310109009', '310109', '欧阳路街道', '欧阳路街道', '121.491829', '31.260969', 5, '2019-02-28 17:16:58', '2019-02-28 17:17:05', '', 1, '00000000');
INSERT INTO `tbl_street` VALUES (10067, '310109010', '310109', '曲阳路街道', '曲阳路街道', '121.491829', '31.260969', 6, '2019-02-28 17:16:58', '2019-02-28 17:17:05', '', 1, '00000000');
INSERT INTO `tbl_street` VALUES (10068, '310109011', '310109', '广中路街道', '广中路街道', '121.491829', '31.260969', 1, '2019-02-28 17:16:58', '2019-02-28 17:17:05', '', 1, '00000000');
INSERT INTO `tbl_street` VALUES (10069, '310109014', '310109', '嘉兴路街道', '嘉兴路街道', '121.491829', '31.260969', 3, '2019-02-28 17:16:58', '2019-02-28 17:17:05', '', 1, '00000000');
INSERT INTO `tbl_street` VALUES (10070, '310109016', '310109', '凉城新村街道', '凉城新村街道', '121.471458', '31.295122', 4, '2019-02-28 17:16:58', '2019-02-28 17:17:05', '', 1, '00000000');
INSERT INTO `tbl_street` VALUES (10071, '310109017', '310109', '四川北路街道', '四川北路街道', '121.491829', '31.260969', 7, '2019-02-28 17:16:58', '2019-02-28 17:17:05', '', 1, '00000000');
INSERT INTO `tbl_street` VALUES (10072, '310109018', '310109', '提篮桥街道', '提篮桥街道', '121.500511', '31.25222', 8, '2019-02-28 17:16:58', '2019-02-28 17:17:05', '', 1, '00000000');
INSERT INTO `tbl_street` VALUES (10073, '310109019', '310109', '江湾镇街道', '江湾镇街道', '121.491829', '31.260969', 2, '2019-02-28 17:16:58', '2019-02-28 17:17:05', '', 1, '00000000');
INSERT INTO `tbl_street` VALUES (10074, '310110001', '310110', '定海路街道', '定海路街道', '121.522797', '31.270756', 2, '2019-02-28 17:16:58', '2019-02-28 17:17:05', '', 1, '00000000');
INSERT INTO `tbl_street` VALUES (10075, '310110006', '310110', '平凉路街道', '平凉路街道', '121.522797', '31.270756', 5, '2019-02-28 17:16:58', '2019-02-28 17:17:05', '', 1, '00000000');
INSERT INTO `tbl_street` VALUES (10076, '310110008', '310110', '江浦路街道', '江浦路街道', '121.522797', '31.270756', 3, '2019-02-28 17:16:58', '2019-02-28 17:17:05', '', 1, '00000000');
INSERT INTO `tbl_street` VALUES (10077, '310110009', '310110', '四平路街道', '四平路街道', '121.522797', '31.270756', 6, '2019-02-28 17:16:58', '2019-02-28 17:17:05', '', 1, '00000000');
INSERT INTO `tbl_street` VALUES (10078, '310110012', '310110', '控江路街道', '控江路街道', '121.522797', '31.270756', 4, '2019-02-28 17:16:58', '2019-02-28 17:17:05', '', 1, '00000000');
INSERT INTO `tbl_street` VALUES (10079, '310110013', '310110', '长白新村街道', '长白新村街道', '121.544571', '31.287825', 12, '2019-02-28 17:16:58', '2019-02-28 17:17:05', '', 1, '00000000');
INSERT INTO `tbl_street` VALUES (10080, '310110015', '310110', '延吉新村街道', '延吉新村街道', '121.536903', '31.288689', 10, '2019-02-28 17:16:58', '2019-02-28 17:17:05', '', 1, '00000000');
INSERT INTO `tbl_street` VALUES (10081, '310110016', '310110', '殷行街道', '殷行街道', '121.537712', '31.32387', 11, '2019-02-28 17:16:58', '2019-02-28 17:17:05', '', 1, '00000000');
INSERT INTO `tbl_street` VALUES (10082, '310110018', '310110', '大桥街道', '大桥街道', '121.528267', '31.267912', 1, '2019-02-28 17:16:58', '2019-02-28 17:17:05', '', 1, '00000000');
INSERT INTO `tbl_street` VALUES (10083, '310110019', '310110', '五角场街道', '五角场街道', '121.52063', '31.305433', 7, '2019-02-28 17:16:58', '2019-02-28 17:17:05', '', 1, '00000000');
INSERT INTO `tbl_street` VALUES (10084, '310110020', '310110', '新江湾城街道', '新江湾城街道', '121.515884', '31.327175', 9, '2019-02-28 17:16:58', '2019-02-28 17:17:05', '', 1, '00000000');
INSERT INTO `tbl_street` VALUES (10085, '310110101', '310110', '五角场镇', '五角场镇', '121.520546', '31.308525', 8, '2019-02-28 17:16:58', '2019-02-28 17:17:05', '', 1, '00000000');
INSERT INTO `tbl_street` VALUES (10086, '310112001', '310112', '江川路街道', '江川路街道', '121.375969', '31.111658', 4, '2019-02-28 17:16:58', '2019-02-28 17:17:05', '', 1, '00000000');
INSERT INTO `tbl_street` VALUES (10087, '310112006', '310112', '古美街道', '古美街道', '121.404457', '31.145004', 1, '2019-02-28 17:16:58', '2019-02-28 17:17:05', '', 1, '00000000');
INSERT INTO `tbl_street` VALUES (10088, '310112008', '310112', '新虹街道', '新虹街道', '121.375969', '31.111658', 10, '2019-02-28 17:16:58', '2019-02-28 17:17:05', '', 1, '00000000');
INSERT INTO `tbl_street` VALUES (10089, '310112101', '310112', '莘庄镇', '莘庄镇', '121.370384', '31.121258', 12, '2019-02-28 17:16:58', '2019-02-28 17:17:05', '', 1, '00000000');
INSERT INTO `tbl_street` VALUES (10090, '310112102', '310112', '七宝镇', '七宝镇', '121.351372', '31.157658', 8, '2019-02-28 17:16:58', '2019-02-28 17:17:05', '', 1, '00000000');
INSERT INTO `tbl_street` VALUES (10091, '310112103', '310112', '颛桥镇', '颛桥镇', '121.40081', '31.065714', 13, '2019-02-28 17:16:58', '2019-02-28 17:17:05', '', 1, '00000000');
INSERT INTO `tbl_street` VALUES (10092, '310112106', '310112', '华漕镇', '华漕镇', '121.293549', '31.20775', 3, '2019-02-28 17:16:58', '2019-02-28 17:17:05', '', 1, '00000000');
INSERT INTO `tbl_street` VALUES (10093, '310112107', '310112', '虹桥镇', '虹桥镇', '121.384613', '31.177397', 2, '2019-02-28 17:16:58', '2019-02-28 17:17:05', '', 1, '00000000');
INSERT INTO `tbl_street` VALUES (10094, '310112108', '310112', '梅陇镇', '梅陇镇', '121.426773', '31.10228', 6, '2019-02-28 17:16:58', '2019-02-28 17:17:05', '', 1, '00000000');
INSERT INTO `tbl_street` VALUES (10095, '310112110', '310112', '吴泾镇', '吴泾镇', '121.464554', '31.039946', 9, '2019-02-28 17:16:58', '2019-02-28 17:17:05', '', 1, '00000000');
INSERT INTO `tbl_street` VALUES (10096, '310112112', '310112', '马桥镇', '马桥镇', '121.36866', '31.030396', 5, '2019-02-28 17:16:58', '2019-02-28 17:17:05', '', 1, '00000000');
INSERT INTO `tbl_street` VALUES (10097, '310112114', '310112', '浦江镇', '浦江镇', '121.506172', '31.088524', 7, '2019-02-28 17:16:58', '2019-02-28 17:17:05', '', 1, '00000000');
INSERT INTO `tbl_street` VALUES (10098, '310112501', '310112', '莘庄工业区', '莘庄工业区', '121.394676', '31.07951', 11, '2019-02-28 17:16:58', '2019-02-28 17:17:05', '', 1, '00000000');
INSERT INTO `tbl_street` VALUES (10099, '310113003', '310113', '友谊路街道', '友谊路街道', '121.489937', '31.398895', 11, '2019-02-28 17:16:58', '2019-02-28 17:17:05', '', 1, '00000000');
INSERT INTO `tbl_street` VALUES (10100, '310113007', '310113', '吴淞街道', '吴淞街道', '121.493561', '31.372606', 9, '2019-02-28 17:16:58', '2019-02-28 17:17:05', '', 1, '00000000');
INSERT INTO `tbl_street` VALUES (10101, '310113008', '310113', '张庙街道', '张庙街道', '121.489937', '31.398895', 13, '2019-02-28 17:16:58', '2019-02-28 17:17:05', '', 1, '00000000');
INSERT INTO `tbl_street` VALUES (10102, '310113101', '310113', '罗店镇', '罗店镇', '121.346626', '31.415251', 5, '2019-02-28 17:16:58', '2019-02-28 17:17:05', '', 1, '00000000');
INSERT INTO `tbl_street` VALUES (10103, '310113102', '310113', '大场镇', '大场镇', '121.417068', '31.286877', 2, '2019-02-28 17:16:58', '2019-02-28 17:17:05', '', 1, '00000000');
INSERT INTO `tbl_street` VALUES (10104, '310113103', '310113', '杨行镇', '杨行镇', '121.438293', '31.364479', 10, '2019-02-28 17:16:58', '2019-02-28 17:17:05', '', 1, '00000000');
INSERT INTO `tbl_street` VALUES (10105, '310113104', '310113', '月浦镇', '月浦镇', '121.421677', '31.420567', 12, '2019-02-28 17:16:58', '2019-02-28 17:17:05', '', 1, '00000000');
INSERT INTO `tbl_street` VALUES (10106, '310113106', '310113', '罗泾镇', '罗泾镇', '121.327942', '31.472258', 6, '2019-02-28 17:16:58', '2019-02-28 17:17:05', '', 1, '00000000');
INSERT INTO `tbl_street` VALUES (10107, '310113109', '310113', '顾村镇', '顾村镇', '121.40699', '31.349552', 4, '2019-02-28 17:16:58', '2019-02-28 17:17:05', '', 1, '00000000');
INSERT INTO `tbl_street` VALUES (10108, '310113111', '310113', '高境镇', '高境镇', '121.482574', '31.32077', 3, '2019-02-28 17:16:58', '2019-02-28 17:17:05', '', 1, '00000000');
INSERT INTO `tbl_street` VALUES (10109, '310113112', '310113', '庙行镇', '庙行镇', '121.449684', '31.319788', 7, '2019-02-28 17:16:58', '2019-02-28 17:17:05', '', 1, '00000000');
INSERT INTO `tbl_street` VALUES (10110, '310113113', '310113', '淞南镇', '淞南镇', '121.489937', '31.398895', 8, '2019-02-28 17:16:58', '2019-02-28 17:17:05', '', 1, '00000000');
INSERT INTO `tbl_street` VALUES (10111, '310113501', '310113', '宝山城市工业园区', '宝山城市工业园区', '121.354095', '31.317307', 1, '2019-02-28 17:16:58', '2019-02-28 17:17:05', '', 1, '00000000');
INSERT INTO `tbl_street` VALUES (10112, '310114001', '310114', '新成路街道', '新成路街道', '121.250336', '31.383524', 10, '2019-02-28 17:16:58', '2019-02-28 17:17:05', '', 1, '00000000');
INSERT INTO `tbl_street` VALUES (10113, '310114002', '310114', '真新街道', '真新街道', '121.250336', '31.383524', 12, '2019-02-28 17:16:58', '2019-02-28 17:17:05', '', 1, '00000000');
INSERT INTO `tbl_street` VALUES (10114, '310114003', '310114', '菊园新区管委会', '菊园新区管委会', '121.245598', '31.392593', 6, '2019-02-28 17:16:58', '2019-02-28 17:17:05', '', 1, '00000000');
INSERT INTO `tbl_street` VALUES (10115, '310114004', '310114', '嘉定镇街道', '嘉定镇街道', '121.23774', '31.37241', 4, '2019-02-28 17:16:58', '2019-02-28 17:17:05', '', 1, '00000000');
INSERT INTO `tbl_street` VALUES (10116, '310114102', '310114', '南翔镇', '南翔镇', '121.320824', '31.293978', 8, '2019-02-28 17:16:58', '2019-02-28 17:17:05', '', 1, '00000000');
INSERT INTO `tbl_street` VALUES (10117, '310114103', '310114', '安亭镇', '安亭镇', '121.163589', '31.294075', 1, '2019-02-28 17:16:58', '2019-02-28 17:17:05', '', 1, '00000000');
INSERT INTO `tbl_street` VALUES (10118, '310114106', '310114', '马陆镇', '马陆镇', '121.283539', '31.332663', 7, '2019-02-28 17:16:58', '2019-02-28 17:17:05', '', 1, '00000000');
INSERT INTO `tbl_street` VALUES (10119, '310114109', '310114', '徐行镇', '徐行镇', '121.274178', '31.415682', 11, '2019-02-28 17:16:58', '2019-02-28 17:17:05', '', 1, '00000000');
INSERT INTO `tbl_street` VALUES (10120, '310114111', '310114', '华亭镇', '华亭镇', '121.240433', '31.462957', 2, '2019-02-28 17:16:58', '2019-02-28 17:17:05', '', 1, '00000000');
INSERT INTO `tbl_street` VALUES (10121, '310114114', '310114', '外冈镇', '外冈镇', '121.175293', '31.361231', 9, '2019-02-28 17:16:58', '2019-02-28 17:17:05', '', 1, '00000000');
INSERT INTO `tbl_street` VALUES (10122, '310114118', '310114', '江桥镇', '江桥镇', '121.341606', '31.254568', 5, '2019-02-28 17:16:58', '2019-02-28 17:17:05', '', 1, '00000000');
INSERT INTO `tbl_street` VALUES (10123, '310114501', '310114', '嘉定工业区', '嘉定工业区', '121.415047', '31.239893', 3, '2019-02-28 17:16:58', '2019-02-28 17:17:05', '', 1, '00000000');
INSERT INTO `tbl_street` VALUES (10124, '310115004', '310115', '潍坊新村街道', '潍坊新村街道', '121.523079', '31.22114', 34, '2019-02-28 17:16:58', '2019-02-28 17:17:05', '', 1, '00000000');
INSERT INTO `tbl_street` VALUES (10125, '310115005', '310115', '陆家嘴街道', '陆家嘴街道', '121.525627', '31.237213', 22, '2019-02-28 17:16:58', '2019-02-28 17:17:05', '', 1, '00000000');
INSERT INTO `tbl_street` VALUES (10126, '310115007', '310115', '周家渡街道', '周家渡街道', '121.498947', '31.175034', 40, '2019-02-28 17:16:58', '2019-02-28 17:17:05', '', 1, '00000000');
INSERT INTO `tbl_street` VALUES (10127, '310115008', '310115', '塘桥街道', '塘桥街道', '121.527573', '31.2097', 30, '2019-02-28 17:16:58', '2019-02-28 17:17:05', '', 1, '00000000');
INSERT INTO `tbl_street` VALUES (10128, '310115009', '310115', '上钢新村街道', '上钢新村街道', '121.491486', '31.176172', 28, '2019-02-28 17:16:58', '2019-02-28 17:17:05', '', 1, '00000000');
INSERT INTO `tbl_street` VALUES (10129, '310115010', '310115', '南码头路街道', '南码头路街道', '121.567703', '31.245943', 24, '2019-02-28 17:16:58', '2019-02-28 17:17:05', '', 1, '00000000');
INSERT INTO `tbl_street` VALUES (10130, '310115011', '310115', '沪东新村街道', '沪东新村街道', '121.58271', '31.268007', 14, '2019-02-28 17:16:58', '2019-02-28 17:17:05', '', 1, '00000000');
INSERT INTO `tbl_street` VALUES (10131, '310115012', '310115', '金杨新村街道', '金杨新村街道', '121.556557', '31.244419', 18, '2019-02-28 17:16:58', '2019-02-28 17:17:05', '', 1, '00000000');
INSERT INTO `tbl_street` VALUES (10132, '310115013', '310115', '洋泾街道', '洋泾街道', '121.546852', '31.236193', 37, '2019-02-28 17:16:58', '2019-02-28 17:17:05', '', 1, '00000000');
INSERT INTO `tbl_street` VALUES (10133, '310115014', '310115', '浦兴路街道', '浦兴路街道', '121.567703', '31.245943', 26, '2019-02-28 17:16:58', '2019-02-28 17:17:05', '', 1, '00000000');
INSERT INTO `tbl_street` VALUES (10134, '310115015', '310115', '东明路街道', '东明路街道', '121.567703', '31.245943', 7, '2019-02-28 17:16:58', '2019-02-28 17:17:05', '', 1, '00000000');
INSERT INTO `tbl_street` VALUES (10135, '310115016', '310115', '花木街道', '花木街道', '121.547737', '31.206615', 13, '2019-02-28 17:16:58', '2019-02-28 17:17:05', '', 1, '00000000');
INSERT INTO `tbl_street` VALUES (10136, '310115103', '310115', '川沙新镇', '川沙新镇', '121.696243', '31.192808', 4, '2019-02-28 17:16:58', '2019-02-28 17:17:05', '', 1, '00000000');
INSERT INTO `tbl_street` VALUES (10137, '310115104', '310115', '高桥镇', '高桥镇', '121.575485', '31.341562', 9, '2019-02-28 17:16:58', '2019-02-28 17:17:05', '', 1, '00000000');
INSERT INTO `tbl_street` VALUES (10138, '310115105', '310115', '北蔡镇', '北蔡镇', '121.554543', '31.181868', 1, '2019-02-28 17:16:58', '2019-02-28 17:17:05', '', 1, '00000000');
INSERT INTO `tbl_street` VALUES (10139, '310115110', '310115', '合庆镇', '合庆镇', '121.723709', '31.236879', 12, '2019-02-28 17:16:58', '2019-02-28 17:17:05', '', 1, '00000000');
INSERT INTO `tbl_street` VALUES (10140, '310115114', '310115', '唐镇', '唐镇', '121.656029', '31.208324', 31, '2019-02-28 17:16:58', '2019-02-28 17:17:05', '', 1, '00000000');
INSERT INTO `tbl_street` VALUES (10141, '310115117', '310115', '曹路镇', '曹路镇', '121.666977', '31.278399', 2, '2019-02-28 17:16:58', '2019-02-28 17:17:05', '', 1, '00000000');
INSERT INTO `tbl_street` VALUES (10142, '310115120', '310115', '金桥镇', '金桥镇', '121.611244', '31.266132', 17, '2019-02-28 17:16:58', '2019-02-28 17:17:05', '', 1, '00000000');
INSERT INTO `tbl_street` VALUES (10143, '310115121', '310115', '高行镇', '高行镇', '121.606628', '31.29295', 10, '2019-02-28 17:16:58', '2019-02-28 17:17:05', '', 1, '00000000');
INSERT INTO `tbl_street` VALUES (10144, '310115123', '310115', '高东镇', '高东镇', '121.62278', '31.327013', 8, '2019-02-28 17:16:58', '2019-02-28 17:17:05', '', 1, '00000000');
INSERT INTO `tbl_street` VALUES (10145, '310115125', '310115', '张江镇', '张江镇', '121.614288', '31.205288', 39, '2019-02-28 17:16:58', '2019-02-28 17:17:05', '', 1, '00000000');
INSERT INTO `tbl_street` VALUES (10146, '310115130', '310115', '三林镇', '三林镇', '121.502403', '31.145086', 27, '2019-02-28 17:16:58', '2019-02-28 17:17:05', '', 1, '00000000');
INSERT INTO `tbl_street` VALUES (10147, '310115131', '310115', '惠南镇', '惠南镇', '121.749481', '31.048182', 15, '2019-02-28 17:16:58', '2019-02-28 17:17:05', '', 1, '00000000');
INSERT INTO `tbl_street` VALUES (10148, '310115132', '310115', '周浦镇', '周浦镇', '121.574951', '31.114302', 41, '2019-02-28 17:16:58', '2019-02-28 17:17:05', '', 1, '00000000');
INSERT INTO `tbl_street` VALUES (10149, '310115133', '310115', '新场镇', '新场镇', '121.653458', '31.026157', 35, '2019-02-28 17:16:58', '2019-02-28 17:17:05', '', 1, '00000000');
INSERT INTO `tbl_street` VALUES (10150, '310115134', '310115', '大团镇', '大团镇', '121.747787', '30.970858', 5, '2019-02-28 17:16:58', '2019-02-28 17:17:05', '', 1, '00000000');
INSERT INTO `tbl_street` VALUES (10151, '310115136', '310115', '康桥镇', '康桥镇', '121.577629', '31.123646', 19, '2019-02-28 17:16:58', '2019-02-28 17:17:05', '', 1, '00000000');
INSERT INTO `tbl_street` VALUES (10152, '310115137', '310115', '航头镇', '航头镇', '121.587212', '31.033009', 11, '2019-02-28 17:16:58', '2019-02-28 17:17:05', '', 1, '00000000');
INSERT INTO `tbl_street` VALUES (10153, '310115139', '310115', '祝桥镇', '祝桥镇', '121.757111', '31.115215', 42, '2019-02-28 17:16:58', '2019-02-28 17:17:05', '', 1, '00000000');
INSERT INTO `tbl_street` VALUES (10154, '310115140', '310115', '泥城镇', '泥城镇', '121.830627', '30.903946', 25, '2019-02-28 17:16:58', '2019-02-28 17:17:05', '', 1, '00000000');
INSERT INTO `tbl_street` VALUES (10155, '310115141', '310115', '宣桥镇', '宣桥镇', '121.695076', '31.035667', 36, '2019-02-28 17:16:58', '2019-02-28 17:17:05', '', 1, '00000000');
INSERT INTO `tbl_street` VALUES (10156, '310115142', '310115', '书院镇', '书院镇', '121.871094', '30.92495', 29, '2019-02-28 17:16:58', '2019-02-28 17:17:05', '', 1, '00000000');
INSERT INTO `tbl_street` VALUES (10157, '310115143', '310115', '万祥镇', '万祥镇', '121.815536', '30.973009', 33, '2019-02-28 17:16:58', '2019-02-28 17:17:05', '', 1, '00000000');
INSERT INTO `tbl_street` VALUES (10158, '310115144', '310115', '老港镇', '老港镇', '121.839851', '31.039539', 20, '2019-02-28 17:16:58', '2019-02-28 17:17:05', '', 1, '00000000');
INSERT INTO `tbl_street` VALUES (10159, '310115145', '310115', '南汇新城镇', '南汇新城镇', '121.567703', '31.245943', 23, '2019-02-28 17:16:58', '2019-02-28 17:17:05', '', 1, '00000000');
INSERT INTO `tbl_street` VALUES (10160, '310115401', '310115', '芦潮港农场', '芦潮港农场', '121.846527', '30.856661', 21, '2019-02-28 17:16:58', '2019-02-28 17:17:05', '', 1, '00000000');
INSERT INTO `tbl_street` VALUES (10161, '310115402', '310115', '东海农场', '东海农场', '121.567703', '31.245943', 6, '2019-02-28 17:16:58', '2019-02-28 17:17:05', '', 1, '00000000');
INSERT INTO `tbl_street` VALUES (10162, '310115403', '310115', '朝阳农场', '朝阳农场', '121.734543', '31.250696', 3, '2019-02-28 17:16:58', '2019-02-28 17:17:05', '', 1, '00000000');
INSERT INTO `tbl_street` VALUES (10163, '310115501', '310115', '外高桥保税区', '外高桥保税区', '121.567703', '31.245943', 32, '2019-02-28 17:16:58', '2019-02-28 17:17:05', '', 1, '00000000');
INSERT INTO `tbl_street` VALUES (10164, '310115502', '310115', '金桥经济技术开发区', '金桥经济技术开发区', '121.597679', '31.24901', 16, '2019-02-28 17:16:58', '2019-02-28 17:17:05', '', 1, '00000000');
INSERT INTO `tbl_street` VALUES (10165, '310115503', '310115', '张江高科技园区', '张江高科技园区', '121.590218', '31.204781', 38, '2019-02-28 17:16:58', '2019-02-28 17:17:05', '', 1, '00000000');
INSERT INTO `tbl_street` VALUES (10166, '310116001', '310116', '石化街道', '石化街道', '121.334305', '30.716763', 8, '2019-02-28 17:16:58', '2019-02-28 17:17:05', '', 1, '00000000');
INSERT INTO `tbl_street` VALUES (10167, '310116101', '310116', '朱泾镇', '朱泾镇', '121.163918', '30.900454', 11, '2019-02-28 17:16:58', '2019-02-28 17:17:05', '', 1, '00000000');
INSERT INTO `tbl_street` VALUES (10168, '310116102', '310116', '枫泾镇', '枫泾镇', '121.010353', '30.888329', 2, '2019-02-28 17:16:58', '2019-02-28 17:17:05', '', 1, '00000000');
INSERT INTO `tbl_street` VALUES (10169, '310116103', '310116', '张堰镇', '张堰镇', '121.28894', '30.802692', 10, '2019-02-28 17:16:58', '2019-02-28 17:17:05', '', 1, '00000000');
INSERT INTO `tbl_street` VALUES (10170, '310116104', '310116', '亭林镇', '亭林镇', '121.313652', '30.882734', 9, '2019-02-28 17:16:58', '2019-02-28 17:17:05', '', 1, '00000000');
INSERT INTO `tbl_street` VALUES (10171, '310116105', '310116', '吕巷镇', '吕巷镇', '121.182846', '30.831846', 6, '2019-02-28 17:16:58', '2019-02-28 17:17:05', '', 1, '00000000');
INSERT INTO `tbl_street` VALUES (10172, '310116107', '310116', '廊下镇', '廊下镇', '121.192909', '30.790003', 5, '2019-02-28 17:16:58', '2019-02-28 17:17:05', '', 1, '00000000');
INSERT INTO `tbl_street` VALUES (10173, '310116109', '310116', '金山卫镇', '金山卫镇', '121.317917', '30.724684', 4, '2019-02-28 17:16:58', '2019-02-28 17:17:05', '', 1, '00000000');
INSERT INTO `tbl_street` VALUES (10174, '310116112', '310116', '漕泾镇', '漕泾镇', '121.410889', '30.79405', 1, '2019-02-28 17:16:58', '2019-02-28 17:17:05', '', 1, '00000000');
INSERT INTO `tbl_street` VALUES (10175, '310116113', '310116', '山阳镇', '山阳镇', '121.356613', '30.761057', 7, '2019-02-28 17:16:58', '2019-02-28 17:17:05', '', 1, '00000000');
INSERT INTO `tbl_street` VALUES (10176, '310116503', '310116', '金山工业区', '金山工业区', '121.348152', '30.840345', 3, '2019-02-28 17:16:58', '2019-02-28 17:17:05', '', 1, '00000000');
INSERT INTO `tbl_street` VALUES (10177, '310117001', '310117', '岳阳街道', '岳阳街道', '121.22715', '31.008469', 17, '2019-02-28 17:16:58', '2019-02-28 17:17:05', '', 1, '00000000');
INSERT INTO `tbl_street` VALUES (10178, '310117002', '310117', '永丰街道', '永丰街道', '121.215935', '31.001966', 16, '2019-02-28 17:16:58', '2019-02-28 17:17:05', '', 1, '00000000');
INSERT INTO `tbl_street` VALUES (10179, '310117003', '310117', '方松街道', '方松街道', '121.19603', '31.061396', 3, '2019-02-28 17:16:58', '2019-02-28 17:17:05', '', 1, '00000000');
INSERT INTO `tbl_street` VALUES (10180, '310117004', '310117', '中山街道', '中山街道', '121.244446', '31.025843', 18, '2019-02-28 17:16:58', '2019-02-28 17:17:05', '', 1, '00000000');
INSERT INTO `tbl_street` VALUES (10181, '310117102', '310117', '泗泾镇', '泗泾镇', '121.271347', '31.118164', 10, '2019-02-28 17:16:58', '2019-02-28 17:17:05', '', 1, '00000000');
INSERT INTO `tbl_street` VALUES (10182, '310117103', '310117', '佘山镇', '佘山镇', '121.197456', '31.091818', 8, '2019-02-28 17:16:58', '2019-02-28 17:17:05', '', 1, '00000000');
INSERT INTO `tbl_street` VALUES (10183, '310117104', '310117', '车墩镇', '车墩镇', '121.315086', '31.014994', 1, '2019-02-28 17:16:58', '2019-02-28 17:17:05', '', 1, '00000000');
INSERT INTO `tbl_street` VALUES (10184, '310117105', '310117', '新桥镇', '新桥镇', '121.31572', '31.058765', 14, '2019-02-28 17:16:58', '2019-02-28 17:17:05', '', 1, '00000000');
INSERT INTO `tbl_street` VALUES (10185, '310117106', '310117', '洞泾镇', '洞泾镇', '121.268944', '31.081709', 2, '2019-02-28 17:16:58', '2019-02-28 17:17:05', '', 1, '00000000');
INSERT INTO `tbl_street` VALUES (10186, '310117107', '310117', '九亭镇', '九亭镇', '121.328941', '31.131672', 4, '2019-02-28 17:16:58', '2019-02-28 17:17:05', '', 1, '00000000');
INSERT INTO `tbl_street` VALUES (10187, '310117109', '310117', '泖港镇', '泖港镇', '121.213539', '30.933462', 5, '2019-02-28 17:16:58', '2019-02-28 17:17:05', '', 1, '00000000');
INSERT INTO `tbl_street` VALUES (10188, '310117116', '310117', '石湖荡镇', '石湖荡镇', '121.119415', '30.984434', 9, '2019-02-28 17:16:58', '2019-02-28 17:17:05', '', 1, '00000000');
INSERT INTO `tbl_street` VALUES (10189, '310117117', '310117', '新浜镇', '新浜镇', '121.067818', '30.933969', 13, '2019-02-28 17:16:58', '2019-02-28 17:17:05', '', 1, '00000000');
INSERT INTO `tbl_street` VALUES (10190, '310117120', '310117', '叶榭镇', '叶榭镇', '121.321342', '30.942787', 15, '2019-02-28 17:16:58', '2019-02-28 17:17:05', '', 1, '00000000');
INSERT INTO `tbl_street` VALUES (10191, '310117121', '310117', '小昆山镇', '小昆山镇', '121.141556', '31.033819', 12, '2019-02-28 17:16:58', '2019-02-28 17:17:05', '', 1, '00000000');
INSERT INTO `tbl_street` VALUES (10192, '310117501', '310117', '松江工业区', '松江工业区', '121.304817', '30.996843', 11, '2019-02-28 17:16:58', '2019-02-28 17:17:05', '', 1, '00000000');
INSERT INTO `tbl_street` VALUES (10193, '310117504', '310117', '佘山度假区', '佘山度假区', '121.197456', '31.091818', 7, '2019-02-28 17:16:58', '2019-02-28 17:17:05', '', 1, '00000000');
INSERT INTO `tbl_street` VALUES (10194, '310117507', '310117', '上海松江出口加工区', '上海松江出口加工区', '121.299438', '31.021694', 6, '2019-02-28 17:16:58', '2019-02-28 17:17:05', '', 1, '00000000');
INSERT INTO `tbl_street` VALUES (10195, '310118001', '310118', '夏阳街道', '夏阳街道', '121.125412', '31.149097', 6, '2019-02-28 17:16:58', '2019-02-28 17:17:05', '', 1, '00000000');
INSERT INTO `tbl_street` VALUES (10196, '310118002', '310118', '盈浦街道', '盈浦街道', '121.114479', '31.145941', 8, '2019-02-28 17:16:58', '2019-02-28 17:17:05', '', 1, '00000000');
INSERT INTO `tbl_street` VALUES (10197, '310118003', '310118', '香花桥街道', '香花桥街道', '121.123985', '31.170988', 5, '2019-02-28 17:16:58', '2019-02-28 17:17:05', '', 1, '00000000');
INSERT INTO `tbl_street` VALUES (10198, '310118102', '310118', '朱家角镇', '朱家角镇', '121.056297', '31.10969', 11, '2019-02-28 17:16:58', '2019-02-28 17:17:05', '', 1, '00000000');
INSERT INTO `tbl_street` VALUES (10199, '310118103', '310118', '练塘镇', '练塘镇', '121.045563', '31.006893', 4, '2019-02-28 17:16:58', '2019-02-28 17:17:05', '', 1, '00000000');
INSERT INTO `tbl_street` VALUES (10200, '310118104', '310118', '金泽镇', '金泽镇', '120.921722', '31.036219', 3, '2019-02-28 17:16:58', '2019-02-28 17:17:05', '', 1, '00000000');
INSERT INTO `tbl_street` VALUES (10201, '310118105', '310118', '赵巷镇', '赵巷镇', '121.196136', '31.149019', 9, '2019-02-28 17:16:58', '2019-02-28 17:17:05', '', 1, '00000000');
INSERT INTO `tbl_street` VALUES (10202, '310118106', '310118', '徐泾镇', '徐泾镇', '121.272713', '31.172737', 7, '2019-02-28 17:16:58', '2019-02-28 17:17:05', '', 1, '00000000');
INSERT INTO `tbl_street` VALUES (10203, '310118107', '310118', '华新镇', '华新镇', '121.22728', '31.245512', 2, '2019-02-28 17:16:58', '2019-02-28 17:17:05', '', 1, '00000000');
INSERT INTO `tbl_street` VALUES (10204, '310118109', '310118', '重固镇', '重固镇', '121.18309', '31.199842', 10, '2019-02-28 17:16:58', '2019-02-28 17:17:05', '', 1, '00000000');
INSERT INTO `tbl_street` VALUES (10205, '310118110', '310118', '白鹤镇', '白鹤镇', '121.143166', '31.259146', 1, '2019-02-28 17:16:58', '2019-02-28 17:17:05', '', 1, '00000000');
INSERT INTO `tbl_street` VALUES (10206, '310120101', '310120', '南桥镇', '南桥镇', '121.458862', '30.903461', 6, '2019-02-28 17:16:58', '2019-02-28 17:17:05', '', 1, '00000000');
INSERT INTO `tbl_street` VALUES (10207, '310120102', '310120', '奉城镇', '奉城镇', '121.648987', '30.915899', 1, '2019-02-28 17:16:58', '2019-02-28 17:17:05', '', 1, '00000000');
INSERT INTO `tbl_street` VALUES (10208, '310120104', '310120', '庄行镇', '庄行镇', '121.397507', '30.901573', 12, '2019-02-28 17:16:58', '2019-02-28 17:17:05', '', 1, '00000000');
INSERT INTO `tbl_street` VALUES (10209, '310120106', '310120', '金汇镇', '金汇镇', '121.50132', '30.988874', 5, '2019-02-28 17:16:58', '2019-02-28 17:17:05', '', 1, '00000000');
INSERT INTO `tbl_street` VALUES (10210, '310120109', '310120', '四团镇', '四团镇', '121.7229', '30.939274', 10, '2019-02-28 17:16:58', '2019-02-28 17:17:05', '', 1, '00000000');
INSERT INTO `tbl_street` VALUES (10211, '310120111', '310120', '青村镇', '青村镇', '121.581551', '30.923552', 7, '2019-02-28 17:16:58', '2019-02-28 17:17:05', '', 1, '00000000');
INSERT INTO `tbl_street` VALUES (10212, '310120118', '310120', '柘林镇', '柘林镇', '121.473778', '30.829977', 11, '2019-02-28 17:16:58', '2019-02-28 17:17:05', '', 1, '00000000');
INSERT INTO `tbl_street` VALUES (10213, '310120123', '310120', '海湾镇', '海湾镇', '121.567459', '30.860558', 3, '2019-02-28 17:16:58', '2019-02-28 17:17:05', '', 1, '00000000');
INSERT INTO `tbl_street` VALUES (10214, '310120501', '310120', '奉浦社区', '奉浦社区', '121.458473', '30.912346', 2, '2019-02-28 17:16:58', '2019-02-28 17:17:05', '', 1, '00000000');
INSERT INTO `tbl_street` VALUES (10215, '310120503', '310120', '上海市奉贤区海湾旅游区', '上海市奉贤区海湾旅游区', '121.567459', '30.860558', 9, '2019-02-28 17:16:58', '2019-02-28 17:17:05', '', 1, '00000000');
INSERT INTO `tbl_street` VALUES (10216, '310120504', '310120', '金海社区', '金海社区', '121.458473', '30.912346', 4, '2019-02-28 17:16:58', '2019-02-28 17:17:05', '', 1, '00000000');
INSERT INTO `tbl_street` VALUES (10217, '310120505', '310120', '上海海港综合经济开发区', '上海海港综合经济开发区', '121.458473', '30.912346', 8, '2019-02-28 17:16:58', '2019-02-28 17:17:05', '', 1, '00000000');
INSERT INTO `tbl_street` VALUES (10218, '310230101', '310230', '城桥镇', '城桥镇', '121.398102', '31.628162', 2, '2019-02-28 17:16:58', '2019-02-28 17:17:05', '', 1, '00000000');
INSERT INTO `tbl_street` VALUES (10219, '310230102', '310230', '堡镇', '堡镇', '121.618416', '31.536646', 1, '2019-02-28 17:16:58', '2019-02-28 17:17:05', '', 1, '00000000');
INSERT INTO `tbl_street` VALUES (10220, '310230103', '310230', '新河镇', '新河镇', '121.524483', '31.581652', 19, '2019-02-28 17:16:58', '2019-02-28 17:17:05', '', 1, '00000000');
INSERT INTO `tbl_street` VALUES (10221, '310230104', '310230', '庙镇', '庙镇', '121.349709', '31.712858', 11, '2019-02-28 17:16:58', '2019-02-28 17:17:05', '', 1, '00000000');
INSERT INTO `tbl_street` VALUES (10222, '310230106', '310230', '竖新镇', '竖新镇', '121.60376', '31.61471', 15, '2019-02-28 17:16:58', '2019-02-28 17:17:05', '', 1, '00000000');
INSERT INTO `tbl_street` VALUES (10223, '310230107', '310230', '向化镇', '向化镇', '121.723526', '31.520567', 16, '2019-02-28 17:16:58', '2019-02-28 17:17:05', '', 1, '00000000');
INSERT INTO `tbl_street` VALUES (10224, '310230109', '310230', '三星镇', '三星镇', '121.287994', '31.743271', 13, '2019-02-28 17:16:58', '2019-02-28 17:17:05', '', 1, '00000000');
INSERT INTO `tbl_street` VALUES (10225, '310230113', '310230', '港沿镇', '港沿镇', '121.656494', '31.587828', 7, '2019-02-28 17:16:58', '2019-02-28 17:17:05', '', 1, '00000000');
INSERT INTO `tbl_street` VALUES (10226, '310230114', '310230', '中兴镇', '中兴镇', '121.758141', '31.524', 21, '2019-02-28 17:16:58', '2019-02-28 17:17:05', '', 1, '00000000');
INSERT INTO `tbl_street` VALUES (10227, '310230115', '310230', '陈家镇', '陈家镇', '121.832565', '31.526228', 3, '2019-02-28 17:16:58', '2019-02-28 17:17:05', '', 1, '00000000');
INSERT INTO `tbl_street` VALUES (10228, '310230116', '310230', '绿华镇', '绿华镇', '121.220535', '31.762451', 10, '2019-02-28 17:16:58', '2019-02-28 17:17:05', '', 1, '00000000');
INSERT INTO `tbl_street` VALUES (10229, '310230118', '310230', '港西镇', '港西镇', '121.415779', '31.687752', 6, '2019-02-28 17:16:58', '2019-02-28 17:17:05', '', 1, '00000000');
INSERT INTO `tbl_street` VALUES (10230, '310230119', '310230', '建设镇', '建设镇', '121.455666', '31.654594', 9, '2019-02-28 17:16:58', '2019-02-28 17:17:05', '', 1, '00000000');
INSERT INTO `tbl_street` VALUES (10231, '310230121', '310230', '新海镇', '新海镇', '121.397514', '31.626945', 18, '2019-02-28 17:16:58', '2019-02-28 17:17:05', '', 1, '00000000');
INSERT INTO `tbl_street` VALUES (10232, '310230122', '310230', '东平镇', '东平镇', '121.397514', '31.626945', 5, '2019-02-28 17:16:58', '2019-02-28 17:17:05', '', 1, '00000000');
INSERT INTO `tbl_street` VALUES (10233, '310230123', '310230', '长兴镇', '长兴镇', '121.397514', '31.626945', 20, '2019-02-28 17:16:58', '2019-02-28 17:17:05', '', 1, '00000000');
INSERT INTO `tbl_street` VALUES (10234, '310230201', '310230', '新村乡', '新村乡', '121.332115', '31.829382', 17, '2019-02-28 17:16:58', '2019-02-28 17:17:05', '', 1, '00000000');
INSERT INTO `tbl_street` VALUES (10235, '310230203', '310230', '横沙乡', '横沙乡', '121.845093', '31.338011', 8, '2019-02-28 17:16:58', '2019-02-28 17:17:05', '', 1, '00000000');
INSERT INTO `tbl_street` VALUES (10236, '310230409', '310230', '前卫农场', '前卫农场', '121.511551', '31.718769', 12, '2019-02-28 17:16:58', '2019-02-28 17:17:05', '', 1, '00000000');
INSERT INTO `tbl_street` VALUES (10237, '310230410', '310230', '东平林场', '东平林场', '121.49176', '31.607515', 4, '2019-02-28 17:16:58', '2019-02-28 17:17:05', '', 1, '00000000');
INSERT INTO `tbl_street` VALUES (10238, '310230501', '310230', '上实现代农业园区', '上实现代农业园区', '121.397514', '31.626945', 14, '2019-02-28 17:16:58', '2019-02-28 17:17:05', '', 1, '00000000');


-- ----------------------------
-- Table structure for tbl_house
-- ----------------------------
DROP TABLE IF EXISTS `tbl_house`;
CREATE TABLE `tbl_house`  (
  `id` int(11) UNSIGNED NOT NULL AUTO_INCREMENT COMMENT 'house唯一标识',
  `title` varchar(32) CHARACTER SET utf8 COLLATE utf8_general_ci NOT NULL COMMENT '标题',
  `price` int(11) UNSIGNED NOT NULL COMMENT '价格',
  `area` int(11) UNSIGNED NOT NULL COMMENT '面积',
  `room` int(11) UNSIGNED NOT NULL COMMENT '房间数量',
  `floor` int(11) UNSIGNED NOT NULL COMMENT '楼层',
  `total_floor` int(11) UNSIGNED NOT NULL COMMENT '总楼层',
  `watch_times` int(10) UNSIGNED ZEROFILL NULL DEFAULT 0000000000 COMMENT '被看次数',
  `build_year` int(4) UNSIGNED NOT NULL COMMENT '建立年限',
  `status` int(4) UNSIGNED NOT NULL DEFAULT 0 COMMENT '房屋状态 0-未审核 1-审核通过  2-已售  3-逻辑删除',
  `create_time` datetime(0) NOT NULL DEFAULT CURRENT_TIMESTAMP COMMENT '创建时间',
  `last_update_time` datetime(0) NOT NULL DEFAULT CURRENT_TIMESTAMP ON UPDATE CURRENT_TIMESTAMP(0) COMMENT '最近更新时间',
  `city_en_name` varchar(32) CHARACTER SET utf8 COLLATE utf8_general_ci NOT NULL COMMENT '城市拼音缩写: 北京->bj',
  `region_en_name` varchar(32) CHARACTER SET utf8 COLLATE utf8_general_ci NOT NULL COMMENT '地区拼音缩写: 昌平区-> cpq',
  `cover` varchar(32) CHARACTER SET utf8 COLLATE utf8_general_ci NULL DEFAULT NULL COMMENT '封面',
  `direction` int(11) NOT NULL COMMENT '房屋朝向 1：东  2: 南 3: 西 4: 北',
  `distance_to_subway` int(11) NOT NULL DEFAULT -1 COMMENT '距地铁距离， 默认： -1：附近无地铁',
  `parlour` int(11) UNSIGNED NOT NULL DEFAULT 0 COMMENT '客厅数量',
  `district` varchar(32) CHARACTER SET utf8 COLLATE utf8_general_ci NOT NULL COMMENT '小区',
  `admin_id` int(11) NOT NULL COMMENT '所属管理员id',
  `bathroom` int(32) NOT NULL DEFAULT 0 COMMENT '卫生间数量',
  `street` varchar(32) CHARACTER SET utf8 COLLATE utf8_general_ci NOT NULL COMMENT '街道',
  PRIMARY KEY (`id`) USING BTREE
) ENGINE = InnoDB AUTO_INCREMENT = 61 CHARACTER SET = utf8 COLLATE = utf8_general_ci COMMENT = '房屋信息表' ROW_FORMAT = Dynamic;

-- ----------------------------
-- Records of tbl_house
-- ----------------------------
INSERT INTO `tbl_house` VALUES (15, '富力城 国贸CBD 时尚休闲 商务办公', 6200, 70, 2, 10, 20, 0000000002, 2005, 1, '2017-09-06 18:56:14', '2020-06-20 15:55:02', 'bj', 'hdq', 'FiqlWrcsjFWLh1lJICbt_DWriOzs', 2, 10, 1, '融泽嘉园', 2, 0, '龙域西二路');
INSERT INTO `tbl_house` VALUES (16, '富力城 国贸CBD 时尚休闲 商务办公', 6300, 70, 2, 10, 20, 0000000000, 2012, 1, '2017-09-06 19:53:35', '2020-06-20 15:01:33', 'bj', 'hdq', 'FohuQ4dERBnfy-61ItqfTWg-F0Lo', 1, -1, 1, '融泽嘉园', 2, 0, '龙域西二路');
INSERT INTO `tbl_house` VALUES (17, '二环东直门地铁站附近、王府井、天安门、国贸、三里屯、南锣鼓巷', 3000, 35, 1, 5, 10, 0000000002, 2013, 1, '2017-09-06 20:45:35', '2020-06-20 15:01:44', 'bj', 'hdq', 'FgAb6JHwe9nHZ3e59WnHVMokawBa', 1, 200, 0, '融泽嘉园', 2, 0, '龙域西二路');
INSERT INTO `tbl_house` VALUES (18, '华贸城 东向一居挑空loft 干净温馨 随时可以签约', 5700, 52, 1, 7, 20, 0000000000, 2012, 1, '2017-09-06 21:01:02', '2020-06-20 15:01:55', 'bj', 'hdq', 'Ftovp4vRVE4VpHvds0YVkjKbPbCp', 2, 1085, 1, '融泽嘉园', 2, 0, '龙域西二路');
INSERT INTO `tbl_house` VALUES (19, '望春园板楼三居室 自住精装 南北通透 采光好视野棒！', 9200, 132, 3, 6, 14, 0000000000, 2005, 1, '2017-09-06 22:44:25', '2020-06-20 15:02:07', 'bj', 'hdq', 'Fi6Bklxu_XBwAXaiw3NsEwRV_5OO', 2, 1108, 2, '融泽嘉园', 2, 0, '龙域西二路');
INSERT INTO `tbl_house` VALUES (20, '高大上的新房两居室 业主诚意出租', 5400, 56, 2, 12, 20, 0000000000, 2012, 1, '2017-09-06 23:39:50', '2020-06-20 15:02:22', 'bj', 'hdq', 'FmhOib4tHFTgshM6LUUBFRs-xHFz', 2, -1, 1, '融泽嘉园', 2, 0, '龙域西二路');
INSERT INTO `tbl_house` VALUES (21, '新康园 正规三居室 精装修 家电家具齐全', 1900, 18, 1, 13, 25, 0000000000, 2012, 1, '2017-09-07 00:52:47', '2020-06-20 15:02:38', 'bj', 'hdq', 'Fn4wBedYNdzkWlDJyaWd6ffIo1FO', 3, 1302, 0, '融泽嘉园', 2, 0, '龙域西二路');
INSERT INTO `tbl_house` VALUES (24, '湖光壹号望京华府183-387㎡阔景大宅', 50000, 288, 5, 1, 1, 0000000000, 2015, 1, '2017-09-07 11:42:20', '2020-06-20 15:02:57', 'bj', 'hdq', 'FumaV_jvKWge28zOVmRV9wj5psHC', 5, 200, 3, '融泽嘉园', 2, 0, '龙域西二路');
INSERT INTO `tbl_house` VALUES (25, '测试房源-徐齐斌', 3000, 59, 2, 10, 20, 0000000000, 2010, 1, '2017-10-28 22:34:48', '2020-06-20 15:03:11', 'bj', 'cpq', 'Fu3LWdpoKpsMsIMR01TkZ7Gsg5A-', 2, 1000, 1, '融泽嘉园', 2, 0, '龙域中街');
INSERT INTO `tbl_house` VALUES (29, '精品阮家桥公寓222', 3000, 50, 3, 30, 50, 0000000000, 2010, 1, '2020-05-11 17:04:56', '2020-06-22 14:26:05', 'hz', 'xsq', 'FpH2kVGtAWMI2XxkTHlAp97yPiRD', 2, 500, 1, '阮家桥公寓', 2, 1, '祥符街道');
INSERT INTO `tbl_house` VALUES (39, '新的开始', 2, 1, 1, 2, 3, 0000000000, 2020, 3, '2020-06-11 18:02:21', '2020-08-04 16:21:54', 'bj', 'cpq', 'FuEhA_YXF38R77bhtM00jlGt72V7', 1, 22, 1, 'asdasd', 14, 2, 'asdasd');
INSERT INTO `tbl_house` VALUES (44, '丽晶国际一室一厅独卫', 1000, 100, 10, 10, 10, 0000000000, 2010, 1, '2020-06-15 17:08:41', '2020-06-26 10:26:54', 'hz', 'gsq', 'FmE1k-dS_Yw12LGq6FA5zhvGO_Ru', 1, 1000, 10, '丽晶国际', 2, 10, '钱江世纪城');
INSERT INTO `tbl_house` VALUES (45, '自如友家·首开国风美域·4居室-01卧', 1690, 13, 1, 2, 33, 0000000000, 2016, 1, '2020-06-26 18:24:46', '2020-06-26 10:26:57', 'hz', 'xhq', 'FiqlWrcsjFWLh1lJICbt_DWriOzs', 2, 328, 0, '首开国风美域', 2, 1, '古墩街道');
INSERT INTO `tbl_house` VALUES (47, '自如友家·水印康庭·4居室-05卧', 1790, 14, 1, 3, 10, 0000000000, 2007, 1, '2020-06-26 18:40:54', '2020-06-26 18:40:54', 'hz', 'xcq', 'FmE1k-dS_Yw12LGq6FA5zhvGO_Ru', 2, -1, 0, '水印康庭', 2, 1, '西文街道');
INSERT INTO `tbl_house` VALUES (48, '自如新房·景芳三区·1室1厅', 1640, 34, 1, 4, 7, 0000000000, 1996, 1, '2020-06-26 18:45:43', '2020-06-26 18:45:43', 'hz', 'jgq', 'FlA-ipkqcyH4CD19_b0P-NuIrhoF', 2, 336, 1, '景芳三区', 2, 1, '景芳街道');
INSERT INTO `tbl_house` VALUES (49, '自如友家·都市水乡水曲苑·4居室-05卧', 1690, 20, 1, 6, 6, 0000000000, 2005, 1, '2020-06-26 18:48:34', '2020-06-26 18:48:34', 'hz', 'gsq', 'FipySFyVMoIMX8srQyRubQYFqajQ', 2, 282, 1, '都市水乡水曲苑', 2, 1, '墩dun祥街');
INSERT INTO `tbl_house` VALUES (50, '婺江路 望江新园二园 主卧 朝南 A室 啊', 1770, 14, 1, 13, 18, 0000000000, 2016, 1, '2020-06-26 18:52:11', '2020-07-12 17:17:58', 'hz', 'scq', 'Fu3LWdpoKpsMsIMR01TkZ7Gsg5A-', 2, 450, 0, '望江新园二园 ', 2, 1, '婺江路 ');
INSERT INTO `tbl_house` VALUES (51, '联庄 江涛阁 次卧 朝东 A室 a', 1810, 10, 1, 16, 20, 0000000000, 2012, 1, '2020-06-26 18:56:32', '2020-07-12 16:29:58', 'hz', 'bjq', 'FpHNZcgx5U27-WiVPLzz9ZwFDq-V', 1, -1, 0, '江涛阁', 2, 1, '联庄');
INSERT INTO `tbl_house` VALUES (52, '万达广场 大华海派风景 次卧 朝南 C室 啊', 1270, 11, 1, 7, 11, 0000000000, 2005, 1, '2020-06-26 19:00:02', '2020-07-12 17:08:35', 'hz', 'yhq', 'Fp8grrje7rMDvRpKFdmY8x72F-rT', 2, 500, 0, '大华海派风景', 2, 1, '余杭区 万达广场');
INSERT INTO `tbl_house` VALUES (55, '建国北路地铁站附近小区房源干净卫生欧式装修随时g带看', 1100, 15, 1, 1, 6, 0000000000, 2009, 1, '2020-06-27 17:37:55', '2020-07-12 17:10:16', 'hz', 'xcq', 'FsRtsJNzBgnqS_Z6FOmViXfMtf9j', 2, 200, 0, '体育场路153号小区', 2, 2, '未知街道');
INSERT INTO `tbl_house` VALUES (56, '建设三路地铁口大成名座a', 1900, 18, 1, 1, 1, 0000000000, 2013, 1, '2020-06-27 18:04:54', '2020-07-12 17:58:15', 'hz', 'xsq', 'FqehJlFTaj6fv2CT4cC8voVrpqjF', 3, 100, 1, '大成名座', 2, 1, '建设三路');
INSERT INTO `tbl_house` VALUES (57, '交通便捷 走路上班 地铁口附近 朝南 配套齐全va啊', 1600, 20, 2, 10, 16, 0000000000, 2016, 1, '2020-07-12 13:00:53', '2020-08-07 17:18:29', 'hz', 'xsq', 'Fi70OHgwu-UCzhGiQ28ut3Pm9mmr', 2, 1324, 1, '御湖公馆', 14, 1, '  蜀山');
INSERT INTO `tbl_house` VALUES (58, '房租月付 首月立减600 活动中 独卫 地铁 配套齐全', 1540, 16, 3, 3, 16, 0000000000, 2013, 1, '2020-07-12 08:38:07', '2020-07-30 15:50:45', 'hz', 'xsq', 'Fv74v_WlFD8xhc09CMxDlVN8sWpa', 2, 100, 1, '黄山村', 2, 2, '  闻堰2');
INSERT INTO `tbl_house` VALUES (59, '广孚中心 1室1厅1卫', 1900, 30, 1, 2, 20, 0000000000, 2013, 1, '2020-08-07 15:15:33', '2020-08-07 17:17:20', 'hz', 'xsq', 'Flf0PVOgyDdi-am3EXkBpewdZ6iS', 2, 200, 1, '广孚中心', 2, 1, '钱江世纪公园');
INSERT INTO `tbl_house` VALUES (60, '利一家园 1室1厅1卫', 1900, 25, 1, 6, 10, 0000000000, 2010, 1, '2020-08-07 17:21:08', '2020-08-07 17:21:43', 'hz', 'xsq', 'FkVUocnLBZn625R6kfJ4rmiWgJTn', 2, 200, 1, '利一家园', 14, 1, '利一家园');

-- ----------------------------
-- Table structure for tbl_house_detail
-- ----------------------------
DROP TABLE IF EXISTS `tbl_house_detail`;
CREATE TABLE `tbl_house_detail`  (
  `id` int(11) UNSIGNED NOT NULL AUTO_INCREMENT COMMENT 'id',
  `description` varchar(512) CHARACTER SET utf8 COLLATE utf8_general_ci NULL DEFAULT NULL COMMENT '详细描述',
  `layout_desc` varchar(255) CHARACTER SET utf8 COLLATE utf8_general_ci NULL DEFAULT NULL COMMENT '户型介绍',
  `traffic` varchar(255) CHARACTER SET utf8 COLLATE utf8_general_ci NULL DEFAULT NULL COMMENT '交通出行',
  `round_service` varchar(255) CHARACTER SET utf8 COLLATE utf8_general_ci NULL DEFAULT NULL COMMENT '周边配套',
  `house_type` int(2) NOT NULL COMMENT '类型  0： 二手房, 1:新房',
  `address` varchar(255) CHARACTER SET utf8 COLLATE utf8_general_ci NULL DEFAULT NULL COMMENT '详细地址',
  `subway_id` int(11) NULL DEFAULT NULL COMMENT '附近地铁线id',
  `subway_line_name` varchar(32) CHARACTER SET utf8 COLLATE utf8_general_ci NULL DEFAULT NULL COMMENT '附近地铁线名称',
  `subway_station_id` int(11) NULL DEFAULT NULL COMMENT '附近地铁站id',
  `subway_station_name` varchar(32) CHARACTER SET utf8 COLLATE utf8_general_ci NULL DEFAULT NULL COMMENT '附近地铁站名称',
  `house_id` int(11) NOT NULL COMMENT '房屋id',
  PRIMARY KEY (`id`) USING BTREE,
  UNIQUE INDEX `index_on_house_id`(`house_id`) USING BTREE COMMENT '房屋id索引'
) ENGINE = InnoDB AUTO_INCREMENT = 65 CHARACTER SET = utf8 COLLATE = utf8_general_ci COMMENT = '房屋详情' ROW_FORMAT = Dynamic;

-- ----------------------------
-- Records of tbl_house_detail
-- ----------------------------
INSERT INTO `tbl_house_detail` VALUES (21, '国贸CBD商务区,近SOHO现代城,富顿中心,富力城商业街区,乐成中心,潘家园古玩城,八王坟长途客运站,北京游乐园,经由三环路可直达首都机场。附近有双井桥南,双井桥北,双井桥东双井桥西等30多条公交站牌!\n《天安门,故宫,王府井,三里屯,前门,天坛,北海,颐和园,雍和宫,奥林匹克公园,水立方,西单,欢乐谷,燕莎商城等》知名购物区及旅游名胜古迹,是您休闲旅游及商务下榻的理想选择 ', '房间采光良好,落地窗外景色宜人', '房子处于北京的CBD商务中心区国贸双井!紧邻双井地铁站,步行5分钟即到!这离国贸、中央电视台、潘家园、三里屯、团结湖、日坛使馆区、儿研所、大郊亭都很近', '房子闹中取静,地理位置优越,交通方便,紧邻呼家楼地铁站和东大桥地铁站;去机场可乘坐东直门机场快轨,非常方便｡购物中心有双井购物中心、国贸购物中心和侨福芳草地购物中心、三里屯购物中心等,远道而来的朋友可尽览都市璀璨!', 0, '二号院7号楼', 4, '10号线', 58, '双井', 15);
INSERT INTO `tbl_house_detail` VALUES (22, '国贸CBD商务区,近SOHO现代城,富顿中心,富力城商业街区,乐成中心,潘家园古玩城,八王坟长途客运站,北京游乐园,经由三环路可直达首都机场。附近有双井桥南,双井桥北,双井桥东双井桥西等30多条公交站牌!\n《天安门,故宫,王府井,三里屯,前门,天坛,北海,颐和园,雍和宫,奥林匹克公园,水立方,西单,欢乐谷,燕莎商城等》知名购物区及旅游名胜古迹,是您休闲旅游及商务下榻的理想选择!', '房间采光良好,落地窗外景色宜人', '房子处于北京的CBD商务中心区国贸双井!紧邻双井地铁站,步行5分钟即到', '这离国贸、中央电视台、潘家园、三里屯、团结湖、日坛使馆区、儿研所、大郊亭都很近。房子闹中取静,地理位置优越,交通方便,紧邻呼家楼地铁站和东大桥地铁站;去机场可乘坐东直门机场快轨,非常方便｡购物中心有双井购物中心、国贸购物中心和侨福芳草地购物中心、三里屯购物中心等,远道而来的朋友可尽览都市璀璨！', 1, '1号院1号楼', 1, '13号线', 5, '上地', 16);
INSERT INTO `tbl_house_detail` VALUES (24, '我和我女盆友当房东已经一年了,也是超赞房东,希望能为大家提供舒适的住所~ 房间的大门和房门都是密码门,小区有保安24小时值班,非常安全方便。 通常入住时间是下午三点,提前来的同学可以先寄存行李和洗澡哦~\n\n', '房間非常漂亮,空間很大,鵝黃色的牆壁看起來非常舒服', '位置距離地鐵站不遠', '距故宫、天安门、王府井、三里屯、簋街、南锣鼓巷等景点均可地铁半小时内到达,交通便利~', 1, '1号院2号楼', 1, '13号线', 16, '东直门', 17);
INSERT INTO `tbl_house_detail` VALUES (25, '这个经纪人很懒，没写核心卖点', '此房是一居室的格局，上下两层，面宽，房间亮堂，进门右手厨房，正前方是25平米的客厅，楼上是卧室，带洗手间！ 喧闹和安静隔开，适合居住', '小区距离地铁13号线北苑站500米的距离，交通出行便利....', '小区楼下就是华贸天地娱乐街，保利电影院，眉州东坡，中信银行，麦当劳等娱乐休闲设施齐全', 0, '1号院3号楼', 1, '13号线', 11, '北苑', 18);
INSERT INTO `tbl_house_detail` VALUES (26, '这个经纪人很懒，没写核心卖点', '此房为望春园小区板楼南北通透户型，主卧客厅朝南，次卧朝北，两个客厅双卫，居住很舒适。', '距离地铁5号线立水桥南站630米，有464,465,966,081，621等多条公交线路，交通出行四通八达。', '小区旁有大型购物商场易事达，物美超市，丰宁蔬菜基地，航空总医院、安贞医院北苑分院，中国银行、中国农业银行、中国工商银行、中国交通银行、中国建设银行、招商银行分布。小区旁有天奥健身房，还有立水桥公园..', 0, '6号院1号楼', 1, '13号线', 10, '立水桥', 19);
INSERT INTO `tbl_house_detail` VALUES (27, '高大上的新房两居室 业主诚意出租\n1、客厅挑高、宽敞舒适、阳光充足 2、卧室搭配的很新颖，使用之高 3、厨房带阳台，让您和家人有足够的空间展现私家厨艺', '客厅挑高、宽敞舒适、阳光充足 2、卧室搭配的很新颖，使用之高 3、厨房带阳台，让您和家人有足够的空间展现私家厨艺', '近地铁13号线东直门站', '社区环境好，环境优美，适宜居住，人文素质高，物业管理完善； 2、属于低密度社区 ，适宜居住 3、小区的林密树多，让您感受花园一样的家', 0, '1号院5号楼', 1, '13号线', 16, '东直门', 20);
INSERT INTO `tbl_house_detail` VALUES (28, '房子是正规三室一厅一厨一卫，装修保持的不错，家电家具都齐全。\n', '房子客厅朝北面积比较大，主卧西南朝向，次卧朝北，另一个次卧朝西，两个次卧面积差不多大。', '小区出南门到8号线育新地铁站614米，交通便利，小区500米范围内有物美，三旗百汇，龙旗广场等几个比较大的商场，生活购物便利，出小区北门朝东952米是地铁霍营站，是8号线和 13号线的换乘站，同时还有个S2线，通往怀来。（数据来源百度地图）', '小区西边300米就是物美超市和三旗百汇市场（日常百货、粮油米面、瓜果蔬菜、生鲜海货等等，日常生活很便利，消费成本低），北边200米是龙旗购物广场和永辉超市（保利影院，KFC，麦当劳等，轻松满足娱乐消费）。小区里还有商店，饭店，家政等。', 0, '2号院1号楼', 1, '13号线', 9, '霍营', 21);
INSERT INTO `tbl_house_detail` VALUES (31, '懒死了 不谢', '户型介绍', '交通出行', '周边配套', 0, '3号院1号楼', 1, '13号线', 12, '望京西', 24);
INSERT INTO `tbl_house_detail` VALUES (32, '房屋描述-编辑', '户型介绍', '交通出行', '周边配套-编辑', 0, '3号院2单元1003', 1, '13号线', 8, '回龙观', 25);
INSERT INTO `tbl_house_detail` VALUES (34, '没啥好描述的，来租就对了11111', '3室1厅带独卫111', '交通便利,近地铁1111', '楼下超市健身房，距城西银泰百货800米不到1111', 1, '阮家桥公寓7栋一单元1202', 9, '2号线', 115, '钱江世纪城站', 29);
INSERT INTO `tbl_house_detail` VALUES (44, '222', '22', '交通遍历', '没有配套，等死吧', 0, '北京市 昌平区 西三旗 金燕龙办公楼1层 传智播客 张三爷', 1, '13号线', 5, '上地', 39);
INSERT INTO `tbl_house_detail` VALUES (49, '交通便利，设施完善。价格美丽.', '一户式，独卫独立厨房 ', '楼下就是2号线，交通便利 ', '楼下有健身房理发店美食城，设施完善。 ', 0, '杭州市萧山区钱江世纪城丽晶国际1号楼', 11, '5号线', 167, '萍水街站', 44);
INSERT INTO `tbl_house_detail` VALUES (50, '该房源为朝南的主卧室，采光良好，户型方正，居住舒适。此房距三墩地铁站200米（出自百度地图），小区绿城物业管理安全舒适。', '4居室-01卧', ' 小区距三墩站步行约328米 ', '漏水保固，补偿日租金 退租费用，三个工作日到账 环保装修，密闭检测出租 签约三天不满意，无理由换租', 0, '西湖区首开国风美域', 9, '2号线', 131, '三墩站', 45);
INSERT INTO `tbl_house_detail` VALUES (51, '位置概况 本房源为水印康庭小区的一套四居室中的05卧。小区共21栋楼，所在楼栋靠近小区的南门，不管是开车还是走路去小区出入都方便。地铁站就在小区南门左手边，旁边有便利店、理发店、药店、物美超市。平时快递可以丰巢，非常便利。 楼栋概况 2006年小区,每栋楼都独立电梯。现小区实行垃圾分类，有居委会成员协助垃圾分类工作 户型介绍 房源位于3楼，不想等电梯自己上下楼也不费劲。房间是四居室中的05卧，进门左手边就是我们的房间，右边是客厅及厨房，卫生间在走道的右边。房源卧室面积有14平,有采光通透的落地窗，配有1.5*2米的双人床，桌椅，三开门衣柜。', '4居室-05卧', '小区距西文街站步行约169米', '旁边有便利店、理发店、药店、物美超市。平时快递可以丰巢，非常便利', 0, '杭州市下城区水印康亭', NULL, NULL, NULL, NULL, 47);
INSERT INTO `tbl_house_detail` VALUES (52, '没住过，计划有变看上就租了吧。 地铁口房子，离景芳非常近。 楼梯房金三银四懂的吧加油！', '一室一厅新房', ' 离地铁近 ', '景新园。 景芳中学', 1, '江干区景芳街道景芳三区', 10, '4号线', 142, '景芳站', 48);
INSERT INTO `tbl_house_detail` VALUES (53, '感谢您选择自如！本房北向次卧，也是性价比非常高的一间哦。简简单单，洒洒脱脱，随性而又自在，生活自如，心情自如。', '4室1厅', ' 小区距墩祥街站步行约282米 ', '杭味面馆， 汽车养护中心', 0, '拱墅区墩祥街都市水乡水曲苑', 9, '2号线', 132, '墩祥街站', 49);
INSERT INTO `tbl_house_detail` VALUES (54, '赶快来组吧', '3室1卫 ', '距1号线婺江路站450米', '圆通速递', 0, '上城区婺江路望江新园二园 ', 8, '1号线', 90, '婺江路站', 50);
INSERT INTO `tbl_house_detail` VALUES (55, '没啥可说的，爱租不租', '4室1卫', '离公交站不远', '没有配套，等死吧', 0, '滨江区联庄江涛阁', NULL, NULL, NULL, NULL, 51);
INSERT INTO `tbl_house_detail` VALUES (56, '小区周边有超市有医院有早餐店，有菜市场，房间超大，管家也很好喔，因工作调动，可能不在杭州了，中意的话随时联系', '4室1卫 ', ' 小区距临平站步行约835米 ', '主流网咖 一名真鲜奶吧', 0, '余杭区万达广场大华海派风景', NULL, NULL, NULL, NULL, 52);
INSERT INTO `tbl_house_detail` VALUES (59, '1.房屋朝向好南北朝向，采光好，拎包入住，无后顾之忧，干净整洁，非常舒适\n2.小区地段好，交通便利交通方便，楼下公交车站，环境优美，配套设施齐全，是成熟社区周边设施完善有餐饮，超市，医院，学校，银行，健身娱乐设施，能够充分满足您一站式购物3.房屋租金比较便宜，诚心出租，是您正确的选择\n4.让您省时，省心，节约您大把的时间', '3室1厅2卫 15平', '出行方便建国北路旁边', '红会医院', 0, '下城区建国北路地铁站体育场路153号小区', 9, '2号线', 119, '建国北路站', 55);
INSERT INTO `tbl_house_detail` VALUES (60, '无fuck说', '3室1厅2卫 18平', 'hello world', 'hello world', 1, '萧山区建设三路大成名座', 9, '2号线', 119, '建国北路站', 56);
INSERT INTO `tbl_house_detail` VALUES (61, '精装修出租，屋内有空调、大衣柜、桌子、床垫。厨房冰箱共享。卫生间有淋浴，干净整洁；\\n\n周边配套齐全，出行十分便利；\\n\n室内配置：配备品牌家具家电、配套床垫、抱枕、台灯、桌椅、衣柜、空调、洗衣机、冰箱和宽带。\\n\n定期保洁阿姨上门清理卫生，拒绝脏乱差。\\n', '2室1厅1卫', '距离地铁2号线朝阳站1324米', '九龙医院', 0, '萧山御湖公馆', 9, '2号线', 104, '朝阳站', 57);
INSERT INTO `tbl_house_detail` VALUES (62, '租房这件小事从刚毕业就要遇到，对于刚毕业的小白来说，\n需要考虑的点有很多，对于室友的话也要考虑到，是一直以为的痛点！\n\n和黑心水电费说“拜拜”\n想室友都是同龄人，有交流空间吗？\n①每月俩次例行保洁，保证了公共区域的卫生！\n②专业的维修团队，上门免费维修\n③电信光纤，网络生活无障碍！\n④民用峰谷电低至龒毛鸺元一度！\n⑤没有“中介fei”没有“中介fei”没有“中介fei”\n\n有专门的管家给您贴心带看\n床、衣柜、床头柜、书桌、座椅、台灯、床头灯……\n更多空间自己搭配，成为你一个温馨的家\n公共区域有：\n厨房、灭火器、洗衣机、冰箱、燃气热水器\n燃气灶、油烟机、餐桌椅……\n更多房源等你来\n看房电话请联系我', '3室1厅2卫', '黄山中路  ', '沿河', 0, '  闻堰黄山村', 9, '2号线', 113, '飞虹路站', 58);
INSERT INTO `tbl_house_detail` VALUES (63, '房子在广孚中心小区,环境优美,绿化充足\n位于萧山区, 钱江世纪公园,入住即与精英为邻;\n房间配套有离地铁近,,独立阳台,,独立厨卫,,可养宠物,,绿化率高,,集体供暖,,中央供暖,,独立供暖,\n在地铁2号线上,近地铁站钱江世纪城站,200米\n交通便利,附近的,小区周边配套设施齐全', NULL, NULL, NULL, 1, '萧山区钱江世纪公园广孚中心', 9, '2号线', 115, '钱江世纪城站', 59);
INSERT INTO `tbl_house_detail` VALUES (64, '房子在利一家园小区,环境优美,绿化充足\n位于萧山区, 利一家园,入住即与精英为邻;\n房间配套有离地铁近,,独立阳台,,独立厨卫,,可养宠物,,视频看房,\n在地铁2号线上,近地铁站飞虹路站,200米\n交通便利,附近的,小区周边配套设施齐全', NULL, NULL, NULL, 1, '萧山区利一家园利一家园', 9, '2号线', 113, '飞虹路站', 60);

-- ----------------------------
-- Table structure for tbl_house_picture
-- ----------------------------
DROP TABLE IF EXISTS `tbl_house_picture`;
CREATE TABLE `tbl_house_picture`  (
  `id` int(11) UNSIGNED NOT NULL AUTO_INCREMENT COMMENT 'id',
  `house_id` int(11) NOT NULL COMMENT '所属房屋id',
  `cdn_prefix` varchar(255) CHARACTER SET utf8 COLLATE utf8_general_ci NOT NULL COMMENT '图片路径',
  `width` int(11) NULL DEFAULT NULL COMMENT '宽',
  `height` int(11) NULL DEFAULT NULL COMMENT '高',
  `location` varchar(32) CHARACTER SET utf8 COLLATE utf8_general_ci NULL DEFAULT NULL COMMENT '所属房屋位置',
  `path` varchar(255) CHARACTER SET utf8 COLLATE utf8_general_ci NOT NULL COMMENT '文件名',
  PRIMARY KEY (`id`) USING BTREE
) ENGINE = InnoDB AUTO_INCREMENT = 461 CHARACTER SET = utf8 COLLATE = utf8_general_ci COMMENT = '房屋图片信息' ROW_FORMAT = Dynamic;

-- ----------------------------
-- Records of tbl_house_picture
-- ----------------------------
INSERT INTO `tbl_house_picture` VALUES (99, 39, 'http://qiniu.annan.top/', 200, 200, NULL, 'FuEhA_YXF38R77bhtM00jlGt72V7');
INSERT INTO `tbl_house_picture` VALUES (100, 39, 'http://qiniu.annan.top/', 202, 200, NULL, 'Fo_9zC-PP3baluANwCDIS-Om9lCy');
INSERT INTO `tbl_house_picture` VALUES (101, 39, 'http://qiniu.annan.top/', 200, 200, NULL, 'FgpaZi_Ga29vwooLL8GPcgxnwJr5');
INSERT INTO `tbl_house_picture` VALUES (102, 39, 'http://qiniu.annan.top/', 200, 200, NULL, 'FgHylMfyV_QFYm2JruLFtFKOzRWO');
INSERT INTO `tbl_house_picture` VALUES (135, 44, 'http://qiniu.annan.top/', 500, 375, NULL, 'FmE1k-dS_Yw12LGq6FA5zhvGO_Ru');
INSERT INTO `tbl_house_picture` VALUES (142, 21, 'http://qiniu.annan.top/', 500, 286, NULL, 'Fn4wBedYNdzkWlDJyaWd6ffIo1FO');
INSERT INTO `tbl_house_picture` VALUES (143, 24, 'http://qiniu.annan.top/', 500, 375, NULL, 'FumaV_jvKWge28zOVmRV9wj5psHC');
INSERT INTO `tbl_house_picture` VALUES (144, 25, 'http://qiniu.annan.top/', 499, 375, NULL, 'Fu3LWdpoKpsMsIMR01TkZ7Gsg5A-');
INSERT INTO `tbl_house_picture` VALUES (153, 15, 'http://qiniu.annan.top/', 1036, 584, NULL, 'Flf0PVOgyDdi-am3EXkBpewdZ6iS');
INSERT INTO `tbl_house_picture` VALUES (154, 15, 'http://qiniu.annan.top/', 500, 375, NULL, 'FiqlWrcsjFWLh1lJICbt_DWriOzs');
INSERT INTO `tbl_house_picture` VALUES (156, 45, 'http://qiniu.annan.top/', 500, 375, NULL, 'FiqlWrcsjFWLh1lJICbt_DWriOzs');
INSERT INTO `tbl_house_picture` VALUES (157, 47, 'http://qiniu.annan.top/', 500, 375, NULL, 'FmE1k-dS_Yw12LGq6FA5zhvGO_Ru');
INSERT INTO `tbl_house_picture` VALUES (158, 48, 'http://qiniu.annan.top/', 500, 375, NULL, 'FlA-ipkqcyH4CD19_b0P-NuIrhoF');
INSERT INTO `tbl_house_picture` VALUES (165, 29, 'http://qiniu.annan.top/', 500, 375, NULL, 'FpH2kVGtAWMI2XxkTHlAp97yPiRD');
INSERT INTO `tbl_house_picture` VALUES (167, 17, 'http://qiniu.annan.top/', 500, 336, NULL, 'FgAb6JHwe9nHZ3e59WnHVMokawBa');
INSERT INTO `tbl_house_picture` VALUES (168, 18, 'http://qiniu.annan.top/', 500, 667, NULL, 'Ftovp4vRVE4VpHvds0YVkjKbPbCp');
INSERT INTO `tbl_house_picture` VALUES (169, 19, 'http://qiniu.annan.top/', 320, 427, NULL, 'Fi6Bklxu_XBwAXaiw3NsEwRV_5OO');
INSERT INTO `tbl_house_picture` VALUES (170, 20, 'http://qiniu.annan.top/', 500, 363, NULL, 'FmhOib4tHFTgshM6LUUBFRs-xHFz');
INSERT INTO `tbl_house_picture` VALUES (173, 49, 'http://qiniu.annan.top/', 500, 318, NULL, 'FipySFyVMoIMX8srQyRubQYFqajQ');
INSERT INTO `tbl_house_picture` VALUES (174, 16, 'http://qiniu.annan.top/', 1036, 584, NULL, 'FohuQ4dERBnfy-61ItqfTWg-F0Lo');
INSERT INTO `tbl_house_picture` VALUES (301, 51, 'http://qiniu.annan.top/', 600, 450, NULL, 'FpHNZcgx5U27-WiVPLzz9ZwFDq-V');
INSERT INTO `tbl_house_picture` VALUES (371, 57, 'http://qiniu.annan.top/', 696, 522, NULL, 'Fi70OHgwu-UCzhGiQ28ut3Pm9mmr');
INSERT INTO `tbl_house_picture` VALUES (372, 57, 'http://qiniu.annan.top/', 696, 522, NULL, 'FjNAs5B7JjfR969ggEo96MPQcbBW');
INSERT INTO `tbl_house_picture` VALUES (373, 57, 'http://qiniu.annan.top/', 696, 522, NULL, 'FsV9PjIshg6501IFsX2VRmYLo9N4');
INSERT INTO `tbl_house_picture` VALUES (374, 57, 'http://qiniu.annan.top/', 696, 522, NULL, 'FoEM0Z11m3z8j-fdcIKSAcl2LGdW');
INSERT INTO `tbl_house_picture` VALUES (375, 57, 'http://qiniu.annan.top/', 696, 522, NULL, 'FtF4NmI6daryqV7_4DmOSH9Rc-P-');
INSERT INTO `tbl_house_picture` VALUES (376, 57, 'http://qiniu.annan.top/', 696, 522, NULL, 'FlvL7LwC8PGU7436QIQOr2ivh6Pm');
INSERT INTO `tbl_house_picture` VALUES (384, 52, 'http://qiniu.annan.top/', 500, 342, NULL, 'Fp8grrje7rMDvRpKFdmY8x72F-rT');
INSERT INTO `tbl_house_picture` VALUES (385, 55, 'http://qiniu.annan.top/', 696, 522, NULL, 'FsRtsJNzBgnqS_Z6FOmViXfMtf9j');
INSERT INTO `tbl_house_picture` VALUES (386, 55, 'http://qiniu.annan.top/', 696, 522, NULL, 'Fm1dkT4RwKsbQPD8V1Wcb6fLfXJg');
INSERT INTO `tbl_house_picture` VALUES (387, 55, 'http://qiniu.annan.top/', 696, 522, NULL, 'FqehJlFTaj6fv2CT4cC8voVrpqjF');
INSERT INTO `tbl_house_picture` VALUES (388, 55, 'http://qiniu.annan.top/', 696, 522, NULL, 'Fi1RH0pC2lyywjSXRSPEPiuBpRWp');
INSERT INTO `tbl_house_picture` VALUES (389, 55, 'http://qiniu.annan.top/', 696, 522, NULL, 'FhNRNYUKRqGBShoRc2imX4Eo5eVG');
INSERT INTO `tbl_house_picture` VALUES (390, 50, 'http://qiniu.annan.top/', 499, 375, NULL, 'Fu3LWdpoKpsMsIMR01TkZ7Gsg5A-');
INSERT INTO `tbl_house_picture` VALUES (412, 58, 'http://qiniu.annan.top/', 696, 522, NULL, 'Fv74v_WlFD8xhc09CMxDlVN8sWpa');
INSERT INTO `tbl_house_picture` VALUES (413, 58, 'http://qiniu.annan.top/', 696, 522, NULL, 'FtRjZVRZ6LLaRgIoIvag8F85BsEi');
INSERT INTO `tbl_house_picture` VALUES (414, 58, 'http://qiniu.annan.top/', 696, 522, NULL, 'FsmB6-tuQg_cHtEtvZvxRHy-l_W_');
INSERT INTO `tbl_house_picture` VALUES (415, 58, 'http://qiniu.annan.top/', 696, 522, NULL, 'Frmx3pyPGYzVaBzxONyXiKjURtML');
INSERT INTO `tbl_house_picture` VALUES (416, 58, 'http://qiniu.annan.top/', 696, 522, NULL, 'FmddizOL2hPM-CCxYICxsu6m9rBP');
INSERT INTO `tbl_house_picture` VALUES (417, 58, 'http://qiniu.annan.top/', 696, 522, NULL, 'FlRuH2iHrB7YzKfXtX8u3KfyUtec');
INSERT INTO `tbl_house_picture` VALUES (418, 58, 'http://qiniu.annan.top/', 696, 522, NULL, 'FqehJlFTaj6fv2CT4cC8voVrpqjF');
INSERT INTO `tbl_house_picture` VALUES (419, 56, 'http://qiniu.annan.top/', 696, 522, NULL, 'Fi1RH0pC2lyywjSXRSPEPiuBpRWp');
INSERT INTO `tbl_house_picture` VALUES (420, 56, 'http://qiniu.annan.top/', 696, 522, NULL, 'FhNRNYUKRqGBShoRc2imX4Eo5eVG');
INSERT INTO `tbl_house_picture` VALUES (421, 56, 'http://qiniu.annan.top/', 696, 522, NULL, 'FsRtsJNzBgnqS_Z6FOmViXfMtf9j');
INSERT INTO `tbl_house_picture` VALUES (422, 56, 'http://qiniu.annan.top/', 696, 522, NULL, 'Fm1dkT4RwKsbQPD8V1Wcb6fLfXJg');
INSERT INTO `tbl_house_picture` VALUES (423, 56, 'http://qiniu.annan.top/', 696, 522, NULL, 'FqehJlFTaj6fv2CT4cC8voVrpqjF');
INSERT INTO `tbl_house_picture` VALUES (424, 56, 'http://qiniu.annan.top/', 696, 522, NULL, 'Fi1RH0pC2lyywjSXRSPEPiuBpRWp');
INSERT INTO `tbl_house_picture` VALUES (425, 56, 'http://qiniu.annan.top/', 696, 522, NULL, 'FhNRNYUKRqGBShoRc2imX4Eo5eVG');
INSERT INTO `tbl_house_picture` VALUES (426, 56, 'http://qiniu.annan.top/', 500, 286, NULL, 'Fn4wBedYNdzkWlDJyaWd6ffIo1FO');
INSERT INTO `tbl_house_picture` VALUES (427, 56, 'http://qiniu.annan.top/', 500, 342, NULL, 'Fp8grrje7rMDvRpKFdmY8x72F-rT');
INSERT INTO `tbl_house_picture` VALUES (428, 56, 'http://qiniu.annan.top/', 500, 375, NULL, 'FumaV_jvKWge28zOVmRV9wj5psHC');
INSERT INTO `tbl_house_picture` VALUES (429, 56, 'http://qiniu.annan.top/', 500, 333, NULL, 'Fjnt7HHOIhtRsiNLsYHq3Ln87C56');
INSERT INTO `tbl_house_picture` VALUES (430, 56, 'http://qiniu.annan.top/', 499, 375, NULL, 'Fu3LWdpoKpsMsIMR01TkZ7Gsg5A-');
INSERT INTO `tbl_house_picture` VALUES (451, 59, 'http://qiniu.annan.top/', 1036, 584, NULL, 'Flf0PVOgyDdi-am3EXkBpewdZ6iS');
INSERT INTO `tbl_house_picture` VALUES (452, 59, 'http://qiniu.annan.top/', 1036, 584, NULL, 'FohuQ4dERBnfy-61ItqfTWg-F0Lo');
INSERT INTO `tbl_house_picture` VALUES (453, 59, 'http://qiniu.annan.top/', 500, 336, NULL, 'FgAb6JHwe9nHZ3e59WnHVMokawBa');
INSERT INTO `tbl_house_picture` VALUES (454, 59, 'http://qiniu.annan.top/', 500, 667, NULL, 'Ftovp4vRVE4VpHvds0YVkjKbPbCp');
INSERT INTO `tbl_house_picture` VALUES (459, 60, 'http://qiniu.annan.top/', 1080, 1440, NULL, 'FkVUocnLBZn625R6kfJ4rmiWgJTn');
INSERT INTO `tbl_house_picture` VALUES (460, 60, 'http://qiniu.annan.top/', 1080, 1440, NULL, 'FlAdVD9q3mgAzL1wO80OVzWwv8EN');

-- ----------------------------
-- Table structure for tbl_house_star
-- ----------------------------
DROP TABLE IF EXISTS `tbl_house_star`;
CREATE TABLE `tbl_house_star`  (
  `id` int(11) NOT NULL AUTO_INCREMENT,
  `house_id` int(11) NOT NULL,
  `user_id` int(11) NOT NULL,
  `create_time` datetime(0) NOT NULL DEFAULT CURRENT_TIMESTAMP,
  `last_update_time` datetime(0) NOT NULL DEFAULT CURRENT_TIMESTAMP,
  PRIMARY KEY (`id`) USING BTREE,
  UNIQUE INDEX `user_id_and_house_id`(`user_id`, `house_id`) USING BTREE COMMENT ' 用户房源唯一索引',
  CONSTRAINT `FK6ynmwyhd8dd7f88hmlv88bim1` FOREIGN KEY (`user_id`) REFERENCES `user` (`id`) ON DELETE RESTRICT ON UPDATE RESTRICT
) ENGINE = InnoDB AUTO_INCREMENT = 70 CHARACTER SET = utf8 COLLATE = utf8_general_ci ROW_FORMAT = Dynamic;

-- ----------------------------
-- Records of tbl_house_star
-- ----------------------------
INSERT INTO `tbl_house_star` VALUES (60, 56, 14, '2020-08-03 17:37:13', '2020-08-03 17:37:13');
INSERT INTO `tbl_house_star` VALUES (61, 50, 14, '2020-08-03 17:37:15', '2020-08-03 17:37:15');
INSERT INTO `tbl_house_star` VALUES (62, 58, 14, '2020-08-03 17:37:17', '2020-08-03 17:37:17');
INSERT INTO `tbl_house_star` VALUES (63, 55, 14, '2020-08-03 17:37:19', '2020-08-03 17:37:19');
INSERT INTO `tbl_house_star` VALUES (64, 52, 14, '2020-08-03 17:37:21', '2020-08-03 17:37:21');
INSERT INTO `tbl_house_star` VALUES (67, 58, 2, '2020-08-05 09:36:07', '2020-08-05 09:36:07');
INSERT INTO `tbl_house_star` VALUES (69, 50, 2, '2020-08-06 18:06:44', '2020-08-06 18:06:44');

-- ----------------------------
-- Table structure for tbl_house_subscribe
-- ----------------------------
DROP TABLE IF EXISTS `tbl_house_subscribe`;
CREATE TABLE `tbl_house_subscribe`  (
  `id` int(11) UNSIGNED NOT NULL AUTO_INCREMENT COMMENT 'id',
  `house_id` int(11) NOT NULL COMMENT '房源id',
  `user_id` int(11) NOT NULL COMMENT '用户id',
  `description` varchar(255) CHARACTER SET utf8 COLLATE utf8_general_ci NULL DEFAULT NULL COMMENT '用户描述',
  `status` int(2) NOT NULL COMMENT '预约状态:  1-已预约   2-房东确认  3-看房完成 ',
  `create_time` datetime(0) NOT NULL DEFAULT CURRENT_TIMESTAMP COMMENT '数据创建时间',
  `last_update_time` datetime(0) NOT NULL DEFAULT CURRENT_TIMESTAMP ON UPDATE CURRENT_TIMESTAMP(0) COMMENT '记录更新时间',
  `order_time` datetime(0) NULL DEFAULT NULL COMMENT '预约时间',
  `telephone` varchar(32) CHARACTER SET utf8 COLLATE utf8_general_ci NULL DEFAULT NULL COMMENT '联系电话',
  `admin_id` int(11) NOT NULL COMMENT '房源发布者id',
  PRIMARY KEY (`id`) USING BTREE,
  UNIQUE INDEX `index_on_user_and_house`(`house_id`, `user_id`) USING BTREE COMMENT '用户和房子唯一索引'
) ENGINE = InnoDB AUTO_INCREMENT = 27 CHARACTER SET = utf8 COLLATE = utf8_general_ci COMMENT = '预约看房信息表' ROW_FORMAT = Dynamic;

-- ----------------------------
-- Records of house_subscribe
-- ----------------------------
INSERT INTO `tbl_house_subscribe` VALUES (9, 17, 1, NULL, 2, '2017-11-26 11:06:23', '2020-08-04 18:17:02', '2017-12-03 00:00:00', '13888888888', 2);
INSERT INTO `tbl_house_subscribe` VALUES (14, 50, 14, '啦啦啦啦预约咯', 1, '2020-07-29 15:18:40', '2020-08-04 18:16:16', NULL, '17879502601', 2);
INSERT INTO `tbl_house_subscribe` VALUES (19, 48, 14, '4', 2, '2020-08-03 13:41:34', '2020-08-04 18:28:19', '2020-08-03 13:41:32', '17879502601', 2);
INSERT INTO `tbl_house_subscribe` VALUES (21, 51, 14, NULL, 1, '2020-08-03 13:41:52', '2020-08-04 18:16:14', '2020-08-03 13:41:51', '17879502601', 2);
INSERT INTO `tbl_house_subscribe` VALUES (22, 57, 14, NULL, 1, '2020-08-03 13:41:59', '2020-08-03 15:50:51', '2020-08-05 13:41:58', '17879502601', 14);
INSERT INTO `tbl_house_subscribe` VALUES (23, 52, 14, NULL, 3, '2020-08-03 13:42:04', '2020-08-04 18:15:35', '2020-08-06 13:42:03', '17879502601', 2);
INSERT INTO `tbl_house_subscribe` VALUES (25, 50, 2, '着急入住，请尽快联系喔', 1, '2020-08-06 18:06:33', '2020-08-06 18:06:33', '2020-08-13 18:06:30', '17811111111', 2);
INSERT INTO `tbl_house_subscribe` VALUES (26, 25, 24, '11', 2, '2020-08-11 19:24:55', '2020-08-11 19:24:55', '2020-08-13 11:24:52', '15312226627', 2);

-- ----------------------------
-- Table structure for tbl_house_tag
-- ----------------------------
DROP TABLE IF EXISTS `tbl_house_tag`;
CREATE TABLE `tbl_house_tag`  (
  `house_id` int(11) NOT NULL COMMENT '房屋id',
  `id` int(11) UNSIGNED NOT NULL AUTO_INCREMENT COMMENT '标签id',
  `name` varchar(32) CHARACTER SET utf8 COLLATE utf8_general_ci NOT NULL,
  PRIMARY KEY (`id`) USING BTREE,
  UNIQUE INDEX `index_on_house_id_and_name`(`house_id`, `name`) USING BTREE
) ENGINE = InnoDB AUTO_INCREMENT = 734 CHARACTER SET = utf8 COLLATE = utf8_general_ci COMMENT = '房屋标签映射关系表' ROW_FORMAT = Dynamic;

-- ----------------------------
-- Records of tbl_house_tag
-- ----------------------------
INSERT INTO `tbl_house_tag` VALUES (16, 191, '光照充足');
INSERT INTO `tbl_house_tag` VALUES (17, 163, '随时看房');
INSERT INTO `tbl_house_tag` VALUES (17, 164, '集体供暖');
INSERT INTO `tbl_house_tag` VALUES (18, 165, '精装修');
INSERT INTO `tbl_house_tag` VALUES (19, 166, '独立卫生间');
INSERT INTO `tbl_house_tag` VALUES (19, 167, '独立阳台');
INSERT INTO `tbl_house_tag` VALUES (20, 168, '空调');
INSERT INTO `tbl_house_tag` VALUES (20, 169, '精装修');
INSERT INTO `tbl_house_tag` VALUES (20, 170, '路由器');
INSERT INTO `tbl_house_tag` VALUES (21, 96, '光照充足');
INSERT INTO `tbl_house_tag` VALUES (21, 97, '独立卫生间');
INSERT INTO `tbl_house_tag` VALUES (24, 98, '光照充足');
INSERT INTO `tbl_house_tag` VALUES (24, 99, '精装修');
INSERT INTO `tbl_house_tag` VALUES (24, 100, '集体供暖');
INSERT INTO `tbl_house_tag` VALUES (25, 101, '独立阳台');
INSERT INTO `tbl_house_tag` VALUES (35, 26, '交通便利');
INSERT INTO `tbl_house_tag` VALUES (37, 30, '独立卫生间');
INSERT INTO `tbl_house_tag` VALUES (37, 31, '空调');
INSERT INTO `tbl_house_tag` VALUES (37, 29, '集体供暖');
INSERT INTO `tbl_house_tag` VALUES (38, 33, '独立卫生间');
INSERT INTO `tbl_house_tag` VALUES (38, 34, '空调');
INSERT INTO `tbl_house_tag` VALUES (38, 32, '集体供暖');
INSERT INTO `tbl_house_tag` VALUES (39, 36, '独立卫生间');
INSERT INTO `tbl_house_tag` VALUES (39, 35, '独立阳台');
INSERT INTO `tbl_house_tag` VALUES (39, 37, '空调');
INSERT INTO `tbl_house_tag` VALUES (44, 78, '拎包入住');
INSERT INTO `tbl_house_tag` VALUES (44, 79, '桌子');
INSERT INTO `tbl_house_tag` VALUES (44, 80, '洗衣机');
INSERT INTO `tbl_house_tag` VALUES (44, 81, '热水器');
INSERT INTO `tbl_house_tag` VALUES (44, 82, '独立卫生间');
INSERT INTO `tbl_house_tag` VALUES (44, 83, '独立阳台');
INSERT INTO `tbl_house_tag` VALUES (44, 84, '电磁炉');
INSERT INTO `tbl_house_tag` VALUES (44, 85, '空调');
INSERT INTO `tbl_house_tag` VALUES (44, 86, '精装修');
INSERT INTO `tbl_house_tag` VALUES (44, 87, '衣柜');
INSERT INTO `tbl_house_tag` VALUES (44, 88, '路由器');
INSERT INTO `tbl_house_tag` VALUES (45, 110, '拎包入住');
INSERT INTO `tbl_house_tag` VALUES (45, 108, '桌子');
INSERT INTO `tbl_house_tag` VALUES (45, 111, '洗衣机');
INSERT INTO `tbl_house_tag` VALUES (45, 107, '热水器');
INSERT INTO `tbl_house_tag` VALUES (45, 103, '独立卫生间');
INSERT INTO `tbl_house_tag` VALUES (45, 102, '独立阳台');
INSERT INTO `tbl_house_tag` VALUES (45, 112, '电磁炉');
INSERT INTO `tbl_house_tag` VALUES (45, 104, '空调');
INSERT INTO `tbl_house_tag` VALUES (45, 105, '精装修');
INSERT INTO `tbl_house_tag` VALUES (45, 109, '衣柜');
INSERT INTO `tbl_house_tag` VALUES (45, 106, '路由器');
INSERT INTO `tbl_house_tag` VALUES (47, 114, '独立卫生间');
INSERT INTO `tbl_house_tag` VALUES (47, 113, '独立阳台');
INSERT INTO `tbl_house_tag` VALUES (47, 115, '空调');
INSERT INTO `tbl_house_tag` VALUES (48, 122, '拎包入住');
INSERT INTO `tbl_house_tag` VALUES (48, 120, '桌子');
INSERT INTO `tbl_house_tag` VALUES (48, 123, '洗衣机');
INSERT INTO `tbl_house_tag` VALUES (48, 119, '热水器');
INSERT INTO `tbl_house_tag` VALUES (48, 125, '独立卫生间');
INSERT INTO `tbl_house_tag` VALUES (48, 126, '独立阳台');
INSERT INTO `tbl_house_tag` VALUES (48, 124, '电磁炉');
INSERT INTO `tbl_house_tag` VALUES (48, 116, '空调');
INSERT INTO `tbl_house_tag` VALUES (48, 117, '精装修');
INSERT INTO `tbl_house_tag` VALUES (48, 121, '衣柜');
INSERT INTO `tbl_house_tag` VALUES (48, 118, '路由器');
INSERT INTO `tbl_house_tag` VALUES (49, 181, '拎包入住');
INSERT INTO `tbl_house_tag` VALUES (49, 182, '桌子');
INSERT INTO `tbl_house_tag` VALUES (49, 183, '洗衣机');
INSERT INTO `tbl_house_tag` VALUES (49, 184, '热水器');
INSERT INTO `tbl_house_tag` VALUES (49, 185, '独立卫生间');
INSERT INTO `tbl_house_tag` VALUES (49, 186, '电磁炉');
INSERT INTO `tbl_house_tag` VALUES (49, 187, '空调');
INSERT INTO `tbl_house_tag` VALUES (49, 188, '精装修');
INSERT INTO `tbl_house_tag` VALUES (49, 189, '衣柜');
INSERT INTO `tbl_house_tag` VALUES (49, 190, '路由器');
INSERT INTO `tbl_house_tag` VALUES (50, 622, '热水器');
INSERT INTO `tbl_house_tag` VALUES (50, 623, '空调');
INSERT INTO `tbl_house_tag` VALUES (50, 624, '精装修');
INSERT INTO `tbl_house_tag` VALUES (50, 625, '路由器');
INSERT INTO `tbl_house_tag` VALUES (51, 483, '拎包入住');
INSERT INTO `tbl_house_tag` VALUES (51, 484, '桌子');
INSERT INTO `tbl_house_tag` VALUES (51, 485, '洗衣机');
INSERT INTO `tbl_house_tag` VALUES (51, 486, '热水器');
INSERT INTO `tbl_house_tag` VALUES (51, 487, '电磁炉');
INSERT INTO `tbl_house_tag` VALUES (51, 488, '衣柜');
INSERT INTO `tbl_house_tag` VALUES (51, 489, '路由器');
INSERT INTO `tbl_house_tag` VALUES (52, 606, '桌子');
INSERT INTO `tbl_house_tag` VALUES (52, 607, '热水器');
INSERT INTO `tbl_house_tag` VALUES (52, 608, '空调');
INSERT INTO `tbl_house_tag` VALUES (52, 609, '精装修');
INSERT INTO `tbl_house_tag` VALUES (52, 610, '衣柜');
INSERT INTO `tbl_house_tag` VALUES (52, 611, '路由器');
INSERT INTO `tbl_house_tag` VALUES (53, 177, '独立卫生间');
INSERT INTO `tbl_house_tag` VALUES (53, 178, '空调');
INSERT INTO `tbl_house_tag` VALUES (53, 179, '精装修');
INSERT INTO `tbl_house_tag` VALUES (53, 180, '路由器');
INSERT INTO `tbl_house_tag` VALUES (54, 176, '桌子');
INSERT INTO `tbl_house_tag` VALUES (54, 175, '热水器');
INSERT INTO `tbl_house_tag` VALUES (54, 171, '独立卫生间');
INSERT INTO `tbl_house_tag` VALUES (54, 172, '空调');
INSERT INTO `tbl_house_tag` VALUES (54, 173, '精装修');
INSERT INTO `tbl_house_tag` VALUES (54, 174, '路由器');
INSERT INTO `tbl_house_tag` VALUES (55, 612, '拎包入住');
INSERT INTO `tbl_house_tag` VALUES (55, 613, '桌子');
INSERT INTO `tbl_house_tag` VALUES (55, 614, '洗衣机');
INSERT INTO `tbl_house_tag` VALUES (55, 615, '热水器');
INSERT INTO `tbl_house_tag` VALUES (55, 616, '独立卫生间');
INSERT INTO `tbl_house_tag` VALUES (55, 617, '电磁炉');
INSERT INTO `tbl_house_tag` VALUES (55, 618, '空调');
INSERT INTO `tbl_house_tag` VALUES (55, 619, '精装修');
INSERT INTO `tbl_house_tag` VALUES (55, 620, '衣柜');
INSERT INTO `tbl_house_tag` VALUES (55, 621, '路由器');
INSERT INTO `tbl_house_tag` VALUES (56, 666, '独立卫生间');
INSERT INTO `tbl_house_tag` VALUES (56, 667, '独立阳台');
INSERT INTO `tbl_house_tag` VALUES (56, 668, '空调');
INSERT INTO `tbl_house_tag` VALUES (56, 669, '精装修');
INSERT INTO `tbl_house_tag` VALUES (56, 670, '集体供暖');
INSERT INTO `tbl_house_tag` VALUES (57, 588, '可养宠物');
INSERT INTO `tbl_house_tag` VALUES (57, 589, '拎包入住');
INSERT INTO `tbl_house_tag` VALUES (57, 590, '独立厨卫');
INSERT INTO `tbl_house_tag` VALUES (57, 591, '独立阳台');
INSERT INTO `tbl_house_tag` VALUES (57, 592, '离地铁近');
INSERT INTO `tbl_house_tag` VALUES (57, 593, '绿化率高');
INSERT INTO `tbl_house_tag` VALUES (57, 594, '视频看房');
INSERT INTO `tbl_house_tag` VALUES (57, 595, '集体供暖');
INSERT INTO `tbl_house_tag` VALUES (58, 656, '中央供暖');
INSERT INTO `tbl_house_tag` VALUES (58, 657, '可养宠物');
INSERT INTO `tbl_house_tag` VALUES (58, 658, '拎包入住');
INSERT INTO `tbl_house_tag` VALUES (58, 659, '独立供暖');
INSERT INTO `tbl_house_tag` VALUES (58, 660, '独立厨卫');
INSERT INTO `tbl_house_tag` VALUES (58, 661, '独立阳台');
INSERT INTO `tbl_house_tag` VALUES (58, 662, '离地铁近');
INSERT INTO `tbl_house_tag` VALUES (58, 663, '绿化率高');
INSERT INTO `tbl_house_tag` VALUES (58, 664, '视频看房');
INSERT INTO `tbl_house_tag` VALUES (58, 665, '集体供暖');
INSERT INTO `tbl_house_tag` VALUES (59, 711, '中央供暖');
INSERT INTO `tbl_house_tag` VALUES (59, 712, '可养宠物');
INSERT INTO `tbl_house_tag` VALUES (59, 713, '独立供暖');
INSERT INTO `tbl_house_tag` VALUES (59, 714, '独立厨卫');
INSERT INTO `tbl_house_tag` VALUES (59, 715, '独立阳台');
INSERT INTO `tbl_house_tag` VALUES (59, 716, '离地铁近');
INSERT INTO `tbl_house_tag` VALUES (59, 717, '绿化率高');
INSERT INTO `tbl_house_tag` VALUES (59, 718, '集体供暖');
INSERT INTO `tbl_house_tag` VALUES (60, 729, '可养宠物');
INSERT INTO `tbl_house_tag` VALUES (60, 730, '独立厨卫');
INSERT INTO `tbl_house_tag` VALUES (60, 731, '独立阳台');
INSERT INTO `tbl_house_tag` VALUES (60, 732, '离地铁近');
INSERT INTO `tbl_house_tag` VALUES (60, 733, '视频看房');

-- ----------------------------
-- Table structure for tbl_subway_line
-- ----------------------------
DROP TABLE IF EXISTS `tbl_subway_line`;
CREATE TABLE `tbl_subway_line`  (
  `id` int(11) NOT NULL AUTO_INCREMENT,
  `city_id` varchar(100) CHARACTER SET utf8 COLLATE utf8_general_ci NULL DEFAULT NULL,
  `city_name` varchar(150) CHARACTER SET utf8 COLLATE utf8_general_ci NULL DEFAULT NULL,
  `line_id` varchar(100) CHARACTER SET utf8 COLLATE utf8_general_ci NULL DEFAULT NULL,
  `line_name` varchar(150) CHARACTER SET utf8 COLLATE utf8_general_ci NULL DEFAULT NULL,
  `city_en_name` varchar(30) CHARACTER SET utf8 COLLATE utf8_general_ci NULL DEFAULT NULL,
  PRIMARY KEY (`id`) USING BTREE
) ENGINE = InnoDB AUTO_INCREMENT = 207 CHARACTER SET = utf8 COLLATE = utf8_general_ci COMMENT = '城市地铁线路表' ROW_FORMAT = Dynamic;



-- ----------------------------
-- Records of tbl_subway
-- ----------------------------

INSERT INTO `tbl_subway_line` VALUES (27, '3100', '上海', '310100025685', '1号线','sh');
INSERT INTO `tbl_subway_line` VALUES (28, '3100', '上海', '310100025693', '2号线','sh');
INSERT INTO `tbl_subway_line` VALUES (29, '3100', '上海', '310100034534', '3号线','sh');
INSERT INTO `tbl_subway_line` VALUES (30, '3100', '上海', '310100034536', '4号线','sh');
INSERT INTO `tbl_subway_line` VALUES (31, '3100', '上海', '310100034538', '5号线(东川路--闵行开发区)','sh');
INSERT INTO `tbl_subway_line` VALUES (32, '3100', '上海', '900000059516', '5号线(莘庄--奉贤新城)','sh');
INSERT INTO `tbl_subway_line` VALUES (33, '3100', '上海', '310100024540', '6号线','sh');
INSERT INTO `tbl_subway_line` VALUES (34, '3100', '上海', '310100024542', '7号线','sh');
INSERT INTO `tbl_subway_line` VALUES (35, '3100', '上海', '310100025709', '8号线','sh');
INSERT INTO `tbl_subway_line` VALUES (36, '3100', '上海', '310100024546', '9号线','sh');
INSERT INTO `tbl_subway_line` VALUES (37, '3100', '上海', '310100027703', '10号线(航中路-新江湾城)','sh');
INSERT INTO `tbl_subway_line` VALUES (38, '3100', '上海', '310100027704', '10号线(虹桥火车站-新江湾城)','sh');
INSERT INTO `tbl_subway_line` VALUES (39, '3100', '上海', '310100027601', '11号线(嘉定北-迪士尼)','sh');
INSERT INTO `tbl_subway_line` VALUES (40, '3100', '上海', '310100024518', '11号线(花桥-迪士尼)','sh');
INSERT INTO `tbl_subway_line` VALUES (41, '3100', '上海', '310100025711', '12号线','sh');
INSERT INTO `tbl_subway_line` VALUES (42, '3100', '上海', '310100024524', '13号线','sh');
INSERT INTO `tbl_subway_line` VALUES (43, '3100', '上海', '310100024526', '16号线','sh');
INSERT INTO `tbl_subway_line` VALUES (44, '3100', '上海', '900000039799', '17号线','sh');
INSERT INTO `tbl_subway_line` VALUES (45, '3100', '上海', '310100104512', '磁悬浮','sh');
INSERT INTO `tbl_subway_line` VALUES (46, '3100', '上海', '900000039797', '浦江线','sh');


-- ----------------------------
-- Table structure for tbl_subway_station
-- ----------------------------
DROP TABLE IF EXISTS `tbl_subway_station`;
CREATE TABLE `tbl_subway_station`  (
  `id` int(11) NOT NULL AUTO_INCREMENT,
  `city_id` varchar(100) CHARACTER SET utf8 COLLATE utf8_general_ci NULL DEFAULT NULL,
  `city_name` varchar(100) CHARACTER SET utf8 COLLATE utf8_general_ci NULL DEFAULT NULL,
  `station_id` varchar(100) CHARACTER SET utf8 COLLATE utf8_general_ci NULL DEFAULT NULL,
  `name` varchar(100) CHARACTER SET utf8 COLLATE utf8_general_ci NULL DEFAULT NULL,
  `longitude` varchar(100) CHARACTER SET utf8 COLLATE utf8_general_ci NULL DEFAULT NULL COMMENT '经度',
  `latitude` varchar(100) CHARACTER SET utf8 COLLATE utf8_general_ci NULL DEFAULT NULL COMMENT '纬度',
  `line_id` varchar(200) CHARACTER SET utf8 COLLATE utf8_general_ci NULL DEFAULT NULL COMMENT '线路ID',
  PRIMARY KEY (`id`) USING BTREE
) ENGINE = InnoDB AUTO_INCREMENT = 3569 CHARACTER SET = utf8 COLLATE = utf8_general_ci COMMENT = '城市地铁站点表' ROW_FORMAT = Dynamic;

-- ----------------------------
-- Records of tbl_subway_station
-- ----------------------------
INSERT INTO `tbl_subway_station` VALUES (342, '3100', '上海', '310100025685029', '莘庄', '121.385373', '31.111152', '310100025685|900000059516');
INSERT INTO `tbl_subway_station` VALUES (343, '3100', '上海', '310100025685028', '外环路', '121.393020', '31.120899', '310100025685');
INSERT INTO `tbl_subway_station` VALUES (344, '3100', '上海', '310100025685027', '莲花路', '121.402910', '31.130900', '310100025685');
INSERT INTO `tbl_subway_station` VALUES (345, '3100', '上海', '310100025685026', '锦江乐园', '121.414107', '31.142217', '310100025685');
INSERT INTO `tbl_subway_station` VALUES (346, '3100', '上海', '310100025685025', '上海南站', '121.430041', '31.154579', '310100025685|310100034534');
INSERT INTO `tbl_subway_station` VALUES (347, '3100', '上海', '310100025685024', '漕宝路', '121.433143', '31.168344', '310100025685|310100025711');
INSERT INTO `tbl_subway_station` VALUES (348, '3100', '上海', '310100025685023', '上海体育馆', '121.437423', '31.182813', '310100025685|310100034536');
INSERT INTO `tbl_subway_station` VALUES (349, '3100', '上海', '310100024518023', '徐家汇', '121.436837', '31.195338', '310100025685|310100024546|310100024518|310100027601');
INSERT INTO `tbl_subway_station` VALUES (350, '3100', '上海', '310100025685021', '衡山路', '121.446424', '31.204528', '310100025685');
INSERT INTO `tbl_subway_station` VALUES (351, '3100', '上海', '310100024542015', '常熟路', '121.449141', '31.213524', '310100025685|310100024542');
INSERT INTO `tbl_subway_station` VALUES (352, '3100', '上海', '310100025685019', '陕西南路', '121.458744', '31.215150', '310100025685|310100027703|310100027704|310100025711');
INSERT INTO `tbl_subway_station` VALUES (353, '3100', '上海', '310100025685018', '黄陂南路', '121.473306', '31.222745', '310100025685');
INSERT INTO `tbl_subway_station` VALUES (354, '3100', '上海', '310100025685017', '人民广场', '121.475137', '31.232781', '310100025685|310100025693|900000113361|310100025709');
INSERT INTO `tbl_subway_station` VALUES (355, '3100', '上海', '310100025685016', '新闸路', '121.468151', '31.238373', '310100025685');
INSERT INTO `tbl_subway_station` VALUES (356, '3100', '上海', '310100024524019', '汉中路', '121.458699', '31.241883', '310100025685|310100025711|310100024524');
INSERT INTO `tbl_subway_station` VALUES (357, '3100', '上海', '310100025685014', '上海火车站', '121.457939', '31.249632', '310100025685|310100034534|310100034536');
INSERT INTO `tbl_subway_station` VALUES (358, '3100', '上海', '310100025685013', '中山北路', '121.459204', '31.258891', '310100025685');
INSERT INTO `tbl_subway_station` VALUES (359, '3100', '上海', '310100025685012', '延长路', '121.455329', '31.271675', '310100025685');
INSERT INTO `tbl_subway_station` VALUES (360, '3100', '上海', '310100025685011', '上海马戏城', '121.452023', '31.279895', '310100025685');
INSERT INTO `tbl_subway_station` VALUES (361, '3100', '上海', '310100025685010', '汶水路', '121.450251', '31.292556', '310100025685');
INSERT INTO `tbl_subway_station` VALUES (362, '3100', '上海', '310100025685009', '彭浦新村', '121.448642', '31.306604', '310100025685');
INSERT INTO `tbl_subway_station` VALUES (363, '3100', '上海', '310100025685008', '共康路', '121.447063', '31.318936', '310100025685');
INSERT INTO `tbl_subway_station` VALUES (364, '3100', '上海', '310100025685007', '通河新村', '121.441546', '31.331130', '310100025685');
INSERT INTO `tbl_subway_station` VALUES (365, '3100', '上海', '310100025685006', '呼兰路', '121.437711', '31.339703', '310100025685');
INSERT INTO `tbl_subway_station` VALUES (366, '3100', '上海', '310100025685005', '共富新村', '121.434063', '31.355082', '310100025685');
INSERT INTO `tbl_subway_station` VALUES (367, '3100', '上海', '310100025685004', '宝安公路', '121.430914', '31.369555', '310100025685');
INSERT INTO `tbl_subway_station` VALUES (368, '3100', '上海', '310100025685003', '友谊西路', '121.427953', '31.381296', '310100025685');
INSERT INTO `tbl_subway_station` VALUES (369, '3100', '上海', '310100025685002', '富锦路', '121.424661', '31.392260', '310100025685');
INSERT INTO `tbl_subway_station` VALUES (370, '3100', '上海', '310100025693024', '浦东国际机场', '121.805591', '31.150958', '310100025693|310100104512');
INSERT INTO `tbl_subway_station` VALUES (371, '3100', '上海', '310100025693025', '海天三路', '121.796878', '31.168459', '310100025693');
INSERT INTO `tbl_subway_station` VALUES (372, '3100', '上海', '310100025693026', '远东大道', '121.755301', '31.199385', '310100025693');
INSERT INTO `tbl_subway_station` VALUES (373, '3100', '上海', '310100025693027', '凌空路', '121.724095', '31.192861', '310100025693');
INSERT INTO `tbl_subway_station` VALUES (374, '3100', '上海', '310100025693028', '川沙', '121.698210', '31.186741', '310100025693');
INSERT INTO `tbl_subway_station` VALUES (375, '3100', '上海', '310100025693029', '华夏东路', '121.680972', '31.196575', '310100025693');
INSERT INTO `tbl_subway_station` VALUES (376, '3100', '上海', '310100025693030', '创新中路', '121.673713', '31.213871', '310100025693');
INSERT INTO `tbl_subway_station` VALUES (377, '3100', '上海', '310100025693031', '唐镇', '121.656269', '31.214107', '310100025693');
INSERT INTO `tbl_subway_station` VALUES (378, '3100', '上海', '310100025693002', '广兰路', '121.621072', '31.211050', '310100025693');
INSERT INTO `tbl_subway_station` VALUES (379, '3100', '上海', '310100025693003', '金科路', '121.601989', '31.204213', '310100025693');
INSERT INTO `tbl_subway_station` VALUES (380, '3100', '上海', '310100025693004', '张江高科', '121.587687', '31.201832', '310100025693');
INSERT INTO `tbl_subway_station` VALUES (381, '3100', '上海', '310100024526014', '龙阳路', '121.557634', '31.203575', '310100025693|900000113361|310100024542|310100024526|310100104512');
INSERT INTO `tbl_subway_station` VALUES (382, '3100', '上海', '310100025693006', '世纪公园', '121.550909', '31.209421', '310100025693');
INSERT INTO `tbl_subway_station` VALUES (383, '3100', '上海', '310100025693007', '上海科技馆', '121.544439', '31.218820', '310100025693');
INSERT INTO `tbl_subway_station` VALUES (384, '3100', '上海', '310100024540013', '世纪大道', '121.527213', '31.228682', '310100025693|900000113361|310100034536|310100024540|310100024546');
INSERT INTO `tbl_subway_station` VALUES (385, '3100', '上海', '310100025693009', '东昌路', '121.515556', '31.233270', '310100025693');
INSERT INTO `tbl_subway_station` VALUES (386, '3100', '上海', '310100025693010', '陆家嘴', '121.502262', '31.238195', '310100025693');
INSERT INTO `tbl_subway_station` VALUES (387, '3100', '上海', '310100025693011', '南京东路', '121.484628', '31.238101', '310100025693|310100027703|310100027704');
INSERT INTO `tbl_subway_station` VALUES (388, '3100', '上海', '310100024524017', '南京西路', '121.459971', '31.229853', '310100025693|310100025711|310100024524');
INSERT INTO `tbl_subway_station` VALUES (389, '3100', '上海', '310100024542016', '静安寺', '121.446221', '31.223083', '310100025693|900000113361|310100024542');
INSERT INTO `tbl_subway_station` VALUES (390, '3100', '上海', '310100024518021', '江苏路', '121.430642', '31.220411', '310100025693|310100024518|310100027601');
INSERT INTO `tbl_subway_station` VALUES (391, '3100', '上海', '310100025693016', '中山公园', '121.415773', '31.217948', '310100025693|900000113361|310100034534|310100034536');
INSERT INTO `tbl_subway_station` VALUES (392, '3100', '上海', '310100025693017', '娄山关路', '121.404058', '31.211158', '310100025693');
INSERT INTO `tbl_subway_station` VALUES (393, '3100', '上海', '310100025693018', '威宁路', '121.387285', '31.214870', '310100025693');
INSERT INTO `tbl_subway_station` VALUES (394, '3100', '上海', '310100025693019', '北新泾', '121.373998', '31.216395', '310100025693');
INSERT INTO `tbl_subway_station` VALUES (395, '3100', '上海', '310100025693020', '淞虹路', '121.359588', '31.218212', '310100025693|900000113361');
INSERT INTO `tbl_subway_station` VALUES (396, '3100', '上海', '310100025693021', '虹桥2号航站楼', '121.326300', '31.194211', '310100025693|310100027704');
INSERT INTO `tbl_subway_station` VALUES (397, '3100', '上海', '310100025693022', '虹桥火车站', '121.318950', '31.194022', '310100025693|310100027704|900000039799');
INSERT INTO `tbl_subway_station` VALUES (398, '3100', '上海', '310100025693023', '徐泾东', '121.299204', '31.188367', '310100025693');
INSERT INTO `tbl_subway_station` VALUES (399, '3100', '上海', '310100034534002', '江杨北路', '121.439819', '31.407858', '310100034534');
INSERT INTO `tbl_subway_station` VALUES (400, '3100', '上海', '310100034534003', '铁力路', '121.461139', '31.408120', '310100034534');
INSERT INTO `tbl_subway_station` VALUES (401, '3100', '上海', '310100034534004', '友谊路', '121.475924', '31.404016', '310100034534');
INSERT INTO `tbl_subway_station` VALUES (402, '3100', '上海', '310100034534005', '宝杨路', '121.479574', '31.395315', '310100034534');
INSERT INTO `tbl_subway_station` VALUES (403, '3100', '上海', '310100034534006', '水产路', '121.488247', '31.381302', '310100034534');
INSERT INTO `tbl_subway_station` VALUES (404, '3100', '上海', '310100034534007', '淞滨路', '121.492818', '31.370928', '310100034534');
INSERT INTO `tbl_subway_station` VALUES (405, '3100', '上海', '310100034534008', '张华浜', '121.498671', '31.358016', '310100034534');
INSERT INTO `tbl_subway_station` VALUES (406, '3100', '上海', '310100034534009', '淞发路', '121.500390', '31.345135', '310100034534');
INSERT INTO `tbl_subway_station` VALUES (407, '3100', '上海', '310100034534010', '长江南路', '121.491482', '31.332062', '310100034534');
INSERT INTO `tbl_subway_station` VALUES (408, '3100', '上海', '310100034534011', '殷高西路', '121.484856', '31.320005', '310100034534');
INSERT INTO `tbl_subway_station` VALUES (409, '3100', '上海', '310100034534012', '江湾镇', '121.485064', '31.305566', '310100034534');
INSERT INTO `tbl_subway_station` VALUES (410, '3100', '上海', '310100034534013', '大柏树', '121.483216', '31.289433', '310100034534');
INSERT INTO `tbl_subway_station` VALUES (411, '3100', '上海', '310100034534014', '赤峰路', '121.482429', '31.281247', '310100034534');
INSERT INTO `tbl_subway_station` VALUES (412, '3100', '上海', '310100025709012', '虹口足球场', '121.479154', '31.271392', '310100034534|310100025709');
INSERT INTO `tbl_subway_station` VALUES (413, '3100', '上海', '310100034534016', '东宝兴路', '121.480202', '31.259886', '310100034534');
INSERT INTO `tbl_subway_station` VALUES (414, '3100', '上海', '310100034534017', '宝山路', '121.476298', '31.251523', '310100034534|310100034536');
INSERT INTO `tbl_subway_station` VALUES (415, '3100', '上海', '310100034534019', '中潭路', '121.441001', '31.254568', '310100034534|310100034536');
INSERT INTO `tbl_subway_station` VALUES (416, '3100', '上海', '310100024542019', '镇坪路', '121.429779', '31.246369', '310100034534|310100034536|310100024542');
INSERT INTO `tbl_subway_station` VALUES (417, '3100', '上海', '310100024518019', '曹杨路', '121.417701', '31.239302', '310100034534|310100034536|310100027601|310100024518');
INSERT INTO `tbl_subway_station` VALUES (418, '3100', '上海', '310100024524002', '金沙江路', '121.413150', '31.232004', '310100034534|310100034536|310100024524');
INSERT INTO `tbl_subway_station` VALUES (419, '3100', '上海', '310100034534024', '延安西路', '121.417062', '31.209616', '310100034534|310100034536');
INSERT INTO `tbl_subway_station` VALUES (420, '3100', '上海', '310100027703009', '虹桥路', '121.420814', '31.197524', '310100034534|310100034536|310100027703|310100027704');
INSERT INTO `tbl_subway_station` VALUES (421, '3100', '上海', '310100024546017', '宜山路', '121.427194', '31.186717', '310100034534|310100034536|310100024546');
INSERT INTO `tbl_subway_station` VALUES (422, '3100', '上海', '310100034534027', '漕溪路', '121.438410', '31.176746', '310100034534');
INSERT INTO `tbl_subway_station` VALUES (423, '3100', '上海', '310100025711025', '龙漕路', '121.444383', '31.169458', '310100034534|310100025711');
INSERT INTO `tbl_subway_station` VALUES (424, '3100', '上海', '310100034534029', '石龙路', '121.443205', '31.157949', '310100034534');
INSERT INTO `tbl_subway_station` VALUES (425, '3100', '上海', '310100027703019', '海伦路', '121.488697', '31.259303', '310100034536|310100027703|310100027704');
INSERT INTO `tbl_subway_station` VALUES (426, '3100', '上海', '310100034536013', '临平路', '121.500696', '31.260874', '310100034536');
INSERT INTO `tbl_subway_station` VALUES (427, '3100', '上海', '310100025711013', '大连路', '121.513088', '31.257938', '310100034536|310100025711');
INSERT INTO `tbl_subway_station` VALUES (428, '3100', '上海', '310100034536015', '杨树浦路', '121.517210', '31.251935', '310100034536');
INSERT INTO `tbl_subway_station` VALUES (429, '3100', '上海', '310100027599021', '浦东大道', '121.519385', '31.239974', '310100034536');
INSERT INTO `tbl_subway_station` VALUES (430, '3100', '上海', '310100034536018', '浦电路(4号线)', '121.532080', '31.222285', '310100034536');
INSERT INTO `tbl_subway_station` VALUES (431, '3100', '上海', '310100024540011', '蓝村路', '121.527627', '31.211672', '310100034536|310100024540');
INSERT INTO `tbl_subway_station` VALUES (432, '3100', '上海', '310100034536020', '塘桥', '121.518690', '31.209762', '310100034536');
INSERT INTO `tbl_subway_station` VALUES (433, '3100', '上海', '310100034536021', '南浦大桥', '121.499725', '31.208504', '310100034536');
INSERT INTO `tbl_subway_station` VALUES (434, '3100', '上海', '310100025709020', '西藏南路', '121.489555', '31.201967', '310100034536|310100025709');
INSERT INTO `tbl_subway_station` VALUES (435, '3100', '上海', '310100034536023', '鲁班路', '121.475148', '31.199221', '310100034536');
INSERT INTO `tbl_subway_station` VALUES (436, '3100', '上海', '310100025711022', '大木桥路', '121.463278', '31.194057', '310100034536|310100025711');
INSERT INTO `tbl_subway_station` VALUES (437, '3100', '上海', '310100024542013', '东安路', '121.454897', '31.190819', '310100034536|310100024542');
INSERT INTO `tbl_subway_station` VALUES (438, '3100', '上海', '310100034536026', '上海体育场', '121.443529', '31.185605', '310100034536');
INSERT INTO `tbl_subway_station` VALUES (439, '3100', '上海', '310100034538012', '闵行开发区', '121.369712', '31.000627', '310100034538');
INSERT INTO `tbl_subway_station` VALUES (440, '3100', '上海', '310100034538011', '文井路', '121.380775', '31.003597', '310100034538');
INSERT INTO `tbl_subway_station` VALUES (441, '3100', '上海', '310100034538010', '华宁路', '121.395255', '31.007467', '310100034538');
INSERT INTO `tbl_subway_station` VALUES (442, '3100', '上海', '310100034538009', '金平路', '121.410186', '31.011282', '310100034538');
INSERT INTO `tbl_subway_station` VALUES (443, '3100', '上海', '310100034538008', '东川路', '121.419901', '31.018197', '310100034538|900000059516');
INSERT INTO `tbl_subway_station` VALUES (444, '3100', '上海', '900000059516012', '春申路', '121.385818', '31.098250', '900000059516');
INSERT INTO `tbl_subway_station` VALUES (445, '3100', '上海', '900000059516013', '银都路', '121.390264', '31.089345', '900000059516');
INSERT INTO `tbl_subway_station` VALUES (446, '3100', '上海', '900000059516014', '颛桥', '121.401868', '31.067013', '900000059516');
INSERT INTO `tbl_subway_station` VALUES (447, '3100', '上海', '900000059516015', '北桥', '121.410054', '31.045112', '900000059516');
INSERT INTO `tbl_subway_station` VALUES (448, '3100', '上海', '900000059516016', '剑川路', '121.416582', '31.026483', '900000059516');
INSERT INTO `tbl_subway_station` VALUES (449, '3100', '上海', '900000059516002', '江川路', '121.423474', '31.005428', '900000059516');
INSERT INTO `tbl_subway_station` VALUES (450, '3100', '上海', '900000059516003', '西渡', '121.432441', '30.989350', '900000059516');
INSERT INTO `tbl_subway_station` VALUES (451, '3100', '上海', '900000059516004', '萧塘', '121.441857', '30.965888', '900000059516');
INSERT INTO `tbl_subway_station` VALUES (452, '3100', '上海', '900000059516005', '奉浦大道', '121.448984', '30.942055', '900000059516');
INSERT INTO `tbl_subway_station` VALUES (453, '3100', '上海', '900000059516006', '环城东路', '121.463204', '30.931168', '900000059516');
INSERT INTO `tbl_subway_station` VALUES (454, '3100', '上海', '900000059516007', '望园路', '121.483580', '30.931940', '900000059516');
INSERT INTO `tbl_subway_station` VALUES (455, '3100', '上海', '900000059516008', '金海湖', '121.492506', '30.928805', '900000059516');
INSERT INTO `tbl_subway_station` VALUES (456, '3100', '上海', '900000059516009', '奉贤新城', '121.496290', '30.913916', '900000059516');
INSERT INTO `tbl_subway_station` VALUES (457, '3100', '上海', '310100024518028', '东方体育中心', '121.480304', '31.153366', '310100024540|310100025709|310100024518|310100027601');
INSERT INTO `tbl_subway_station` VALUES (458, '3100', '上海', '310100024540003', '灵岩南路', '121.495295', '31.148665', '310100024540');
INSERT INTO `tbl_subway_station` VALUES (459, '3100', '上海', '310100024540004', '上南路', '121.506151', '31.149030', '310100024540');
INSERT INTO `tbl_subway_station` VALUES (460, '3100', '上海', '310100024540005', '华夏西路', '121.514539', '31.149878', '310100024540');
INSERT INTO `tbl_subway_station` VALUES (461, '3100', '上海', '310100024540006', '高青路', '121.515787', '31.159907', '310100024540');
INSERT INTO `tbl_subway_station` VALUES (462, '3100', '上海', '310100024524030', '东明路', '121.510868', '31.172646', '310100024540|310100024524');
INSERT INTO `tbl_subway_station` VALUES (463, '3100', '上海', '310100024540008', '高科西路', '121.509845', '31.185761', '310100024540|310100024542');
INSERT INTO `tbl_subway_station` VALUES (464, '3100', '上海', '310100024540009', '临沂新村', '121.516695', '31.193202', '310100024540');
INSERT INTO `tbl_subway_station` VALUES (465, '3100', '上海', '310100024540010', '上海儿童医学中心', '121.523482', '31.203277', '310100024540');
INSERT INTO `tbl_subway_station` VALUES (466, '3100', '上海', '310100024540012', '浦电路(6号线)', '121.529122', '31.220104', '310100024540');
INSERT INTO `tbl_subway_station` VALUES (467, '3100', '上海', '310100024540014', '源深体育中心', '121.534642', '31.233004', '310100024540');
INSERT INTO `tbl_subway_station` VALUES (468, '3100', '上海', '310100024540015', '民生路', '121.543527', '31.235851', '310100024540');
INSERT INTO `tbl_subway_station` VALUES (469, '3100', '上海', '310100024540016', '北洋泾路', '121.552314', '31.239145', '310100024540');
INSERT INTO `tbl_subway_station` VALUES (470, '3100', '上海', '310100024540017', '德平路', '121.564237', '31.245400', '310100024540');
INSERT INTO `tbl_subway_station` VALUES (471, '3100', '上海', '310100024540018', '云山路', '121.572775', '31.250413', '310100024540');
INSERT INTO `tbl_subway_station` VALUES (472, '3100', '上海', '310100024540019', '金桥路', '121.581817', '31.257084', '310100024540');
INSERT INTO `tbl_subway_station` VALUES (473, '3100', '上海', '310100024540020', '博兴路', '121.586689', '31.263520', '310100024540');
INSERT INTO `tbl_subway_station` VALUES (474, '3100', '上海', '310100024540021', '五莲路', '121.587866', '31.272025', '310100024540');
INSERT INTO `tbl_subway_station` VALUES (475, '3100', '上海', '310100024540022', '巨峰路', '121.588365', '31.280684', '310100024540|310100025711');
INSERT INTO `tbl_subway_station` VALUES (476, '3100', '上海', '310100024540023', '东靖路', '121.588736', '31.290684', '310100024540');
INSERT INTO `tbl_subway_station` VALUES (477, '3100', '上海', '310100024540024', '五洲大道', '121.589212', '31.302569', '310100024540');
INSERT INTO `tbl_subway_station` VALUES (478, '3100', '上海', '310100024540025', '洲海路', '121.589396', '31.312229', '310100024540');
INSERT INTO `tbl_subway_station` VALUES (479, '3100', '上海', '310100024540026', '外高桥保税区南', '121.601963', '31.321578', '310100024540');
INSERT INTO `tbl_subway_station` VALUES (480, '3100', '上海', '310100024540027', '航津路', '121.593974', '31.335371', '310100024540');
INSERT INTO `tbl_subway_station` VALUES (481, '3100', '上海', '310100024540028', '外高桥保税区北', '121.586926', '31.347802', '310100024540');
INSERT INTO `tbl_subway_station` VALUES (482, '3100', '上海', '310100024540029', '港城路', '121.574752', '31.353005', '310100024540');
INSERT INTO `tbl_subway_station` VALUES (483, '3100', '上海', '310100024542002', '花木路', '121.562754', '31.211212', '310100024542');
INSERT INTO `tbl_subway_station` VALUES (484, '3100', '上海', '310100024542004', '芳华路', '121.550115', '31.193110', '310100024542');
INSERT INTO `tbl_subway_station` VALUES (485, '3100', '上海', '310100024542005', '锦绣路', '121.540041', '31.187592', '310100024542');
INSERT INTO `tbl_subway_station` VALUES (486, '3100', '上海', '310100024542006', '杨高南路', '121.525087', '31.187566', '310100024542');
INSERT INTO `tbl_subway_station` VALUES (487, '3100', '上海', '310100024542008', '云台路', '121.500439', '31.182212', '310100024542');
INSERT INTO `tbl_subway_station` VALUES (488, '3100', '上海', '310100024542009', '耀华路', '121.494612', '31.178513', '310100024542|310100025709');
INSERT INTO `tbl_subway_station` VALUES (489, '3100', '上海', '310100024524032', '长清路', '121.487775', '31.174452', '310100024542|310100024524');
INSERT INTO `tbl_subway_station` VALUES (490, '3100', '上海', '310100024542011', '后滩', '121.473756', '31.171918', '310100024542');
INSERT INTO `tbl_subway_station` VALUES (491, '3100', '上海', '310100024542012', '龙华中路', '121.457054', '31.183843', '310100024542|310100025711');
INSERT INTO `tbl_subway_station` VALUES (492, '3100', '上海', '310100024542014', '肇嘉浜路', '121.450212', '31.199436', '310100024542|310100024546');
INSERT INTO `tbl_subway_station` VALUES (493, '3100', '上海', '310100024542017', '昌平路', '121.442617', '31.233749', '310100024542');
INSERT INTO `tbl_subway_station` VALUES (494, '3100', '上海', '310100024524009', '长寿路', '121.438272', '31.240860', '310100024542|310100024524');
INSERT INTO `tbl_subway_station` VALUES (495, '3100', '上海', '310100024542020', '岚皋路', '121.421939', '31.256198', '310100024542');
INSERT INTO `tbl_subway_station` VALUES (496, '3100', '上海', '310100024542021', '新村路', '121.422682', '31.263952', '310100024542');
INSERT INTO `tbl_subway_station` VALUES (497, '3100', '上海', '310100024542022', '大华三路', '121.422949', '31.274047', '310100024542');
INSERT INTO `tbl_subway_station` VALUES (498, '3100', '上海', '310100024542023', '行知路', '121.421493', '31.284942', '310100024542');
INSERT INTO `tbl_subway_station` VALUES (499, '3100', '上海', '310100024542024', '大场镇', '121.416548', '31.293320', '310100024542');
INSERT INTO `tbl_subway_station` VALUES (500, '3100', '上海', '310100024542025', '场中路', '121.413661', '31.303685', '310100024542');
INSERT INTO `tbl_subway_station` VALUES (501, '3100', '上海', '310100024542026', '上大路', '121.408580', '31.315071', '310100024542');
INSERT INTO `tbl_subway_station` VALUES (502, '3100', '上海', '310100024542027', '南陈路', '121.398863', '31.321437', '310100024542');
INSERT INTO `tbl_subway_station` VALUES (503, '3100', '上海', '310100024542028', '上海大学', '121.388884', '31.320586', '310100024542');
INSERT INTO `tbl_subway_station` VALUES (504, '3100', '上海', '310100024542029', '祁华路', '121.373569', '31.322315', '310100024542');
INSERT INTO `tbl_subway_station` VALUES (505, '3100', '上海', '310100024542030', '顾村公园', '121.373009', '31.344594', '310100024542');
INSERT INTO `tbl_subway_station` VALUES (506, '3100', '上海', '310100024542031', '刘行', '121.362376', '31.357586', '310100024542');
INSERT INTO `tbl_subway_station` VALUES (507, '3100', '上海', '310100024542032', '潘广路', '121.355845', '31.364182', '310100024542');
INSERT INTO `tbl_subway_station` VALUES (508, '3100', '上海', '310100024542033', '罗南新村', '121.357470', '31.388831', '310100024542');
INSERT INTO `tbl_subway_station` VALUES (509, '3100', '上海', '310100024542034', '美兰湖', '121.349966', '31.401949', '310100024542');
INSERT INTO `tbl_subway_station` VALUES (510, '3100', '上海', '310100025709031', '沈杜公路', '121.512272', '31.061427', '310100025709|900000039797');
INSERT INTO `tbl_subway_station` VALUES (511, '3100', '上海', '310100025709030', '联航路', '121.510594', '31.073567', '310100025709');
INSERT INTO `tbl_subway_station` VALUES (512, '3100', '上海', '310100025709029', '江月路', '121.508603', '31.084253', '310100025709');
INSERT INTO `tbl_subway_station` VALUES (513, '3100', '上海', '310100025709028', '浦江镇', '121.506272', '31.096590', '310100025709');
INSERT INTO `tbl_subway_station` VALUES (514, '3100', '上海', '310100025709027', '芦恒路', '121.497842', '31.119015', '310100025709');
INSERT INTO `tbl_subway_station` VALUES (515, '3100', '上海', '310100025709026', '凌兆新村', '121.489663', '31.141301', '310100025709');
INSERT INTO `tbl_subway_station` VALUES (516, '3100', '上海', '310100025709024', '杨思', '121.493443', '31.161054', '310100025709');
INSERT INTO `tbl_subway_station` VALUES (517, '3100', '上海', '310100024524031', '成山路', '121.496220', '31.170735', '310100025709|310100024524');
INSERT INTO `tbl_subway_station` VALUES (518, '3100', '上海', '310100025709021', '中华艺术宫', '121.493626', '31.185242', '310100025709');
INSERT INTO `tbl_subway_station` VALUES (519, '3100', '上海', '310100024546023', '陆家浜路', '121.486115', '31.211789', '310100025709|310100024546');
INSERT INTO `tbl_subway_station` VALUES (520, '3100', '上海', '310100025709018', '老西门', '121.483793', '31.219014', '310100025709|310100027703|310100027704');
INSERT INTO `tbl_subway_station` VALUES (521, '3100', '上海', '310100025709017', '大世界', '121.479326', '31.227182', '310100025709');
INSERT INTO `tbl_subway_station` VALUES (522, '3100', '上海', '310100025709015', '曲阜路', '121.471543', '31.242307', '310100025709|310100025711');
INSERT INTO `tbl_subway_station` VALUES (523, '3100', '上海', '310100025709014', '中兴路', '121.469026', '31.253228', '310100025709');
INSERT INTO `tbl_subway_station` VALUES (524, '3100', '上海', '310100025709013', '西藏北路', '121.468769', '31.263505', '310100025709');
INSERT INTO `tbl_subway_station` VALUES (525, '3100', '上海', '310100025709011', '曲阳路', '121.491138', '31.276524', '310100025709');
INSERT INTO `tbl_subway_station` VALUES (526, '3100', '上海', '310100025709010', '四平路', '121.501488', '31.274880', '310100025709|310100027703|310100027704');
INSERT INTO `tbl_subway_station` VALUES (527, '3100', '上海', '310100025709009', '鞍山新村', '121.509685', '31.273242', '310100025709');
INSERT INTO `tbl_subway_station` VALUES (528, '3100', '上海', '310100025709008', '江浦路', '121.518379', '31.274946', '310100025709');
INSERT INTO `tbl_subway_station` VALUES (529, '3100', '上海', '310100025709007', '黄兴路', '121.528401', '31.278814', '310100025709');
INSERT INTO `tbl_subway_station` VALUES (530, '3100', '上海', '310100025709006', '延吉中路', '121.534941', '31.288543', '310100025709');
INSERT INTO `tbl_subway_station` VALUES (531, '3100', '上海', '310100025709005', '黄兴公园', '121.533383', '31.295389', '310100025709');
INSERT INTO `tbl_subway_station` VALUES (532, '3100', '上海', '310100025709004', '翔殷路', '121.531974', '31.305002', '310100025709');
INSERT INTO `tbl_subway_station` VALUES (533, '3100', '上海', '310100025709003', '嫩江路', '121.531954', '31.314804', '310100025709');
INSERT INTO `tbl_subway_station` VALUES (534, '3100', '上海', '310100025709002', '市光路', '121.531933', '31.322724', '310100025709');
INSERT INTO `tbl_subway_station` VALUES (535, '3100', '上海', '310100024546036', '曹路', '121.683046', '31.271272', '310100024546');
INSERT INTO `tbl_subway_station` VALUES (536, '3100', '上海', '310100024546035', '民雷路', '121.668125', '31.268335', '310100024546');
INSERT INTO `tbl_subway_station` VALUES (537, '3100', '上海', '310100024546034', '顾唐路', '121.656465', '31.266074', '310100024546');
INSERT INTO `tbl_subway_station` VALUES (538, '3100', '上海', '310100024546033', '金海路', '121.638629', '31.263141', '310100024546|310100025711');
INSERT INTO `tbl_subway_station` VALUES (539, '3100', '上海', '310100024546032', '金吉路', '121.628479', '31.264309', '310100024546');
INSERT INTO `tbl_subway_station` VALUES (540, '3100', '上海', '310100024546031', '金桥', '121.611336', '31.260850', '310100024546');
INSERT INTO `tbl_subway_station` VALUES (541, '3100', '上海', '310100024546030', '台儿庄路', '121.597458', '31.252825', '310100024546');
INSERT INTO `tbl_subway_station` VALUES (542, '3100', '上海', '310100024546029', '蓝天路', '121.577978', '31.241017', '310100024546');
INSERT INTO `tbl_subway_station` VALUES (543, '3100', '上海', '310100024546028', '芳甸路', '121.558431', '31.231845', '310100024546');
INSERT INTO `tbl_subway_station` VALUES (544, '3100', '上海', '310100024546027', '杨高中路', '121.548664', '31.227510', '310100024546');
INSERT INTO `tbl_subway_station` VALUES (545, '3100', '上海', '310100024546025', '商城路', '121.516275', '31.230258', '310100024546');
INSERT INTO `tbl_subway_station` VALUES (546, '3100', '上海', '310100024546024', '小南门', '121.498398', '31.216866', '310100024546');
INSERT INTO `tbl_subway_station` VALUES (547, '3100', '上海', '310100024524014', '马当路', '121.477256', '31.209520', '310100024546|310100024524');
INSERT INTO `tbl_subway_station` VALUES (548, '3100', '上海', '310100024546021', '打浦桥', '121.468681', '31.206309', '310100024546');
INSERT INTO `tbl_subway_station` VALUES (549, '3100', '上海', '310100024546020', '嘉善路', '121.460704', '31.202820', '310100024546|310100025711');
INSERT INTO `tbl_subway_station` VALUES (550, '3100', '上海', '310100024546016', '桂林路', '121.418064', '31.174791', '310100024546');
INSERT INTO `tbl_subway_station` VALUES (551, '3100', '上海', '310100024546015', '漕河泾开发区', '121.397769', '31.170644', '310100024546');
INSERT INTO `tbl_subway_station` VALUES (552, '3100', '上海', '310100024546014', '合川路', '121.384772', '31.166542', '310100024546');
INSERT INTO `tbl_subway_station` VALUES (553, '3100', '上海', '310100024546013', '星中路', '121.368903', '31.158109', '310100024546');
INSERT INTO `tbl_subway_station` VALUES (554, '3100', '上海', '310100024546012', '七宝', '121.349221', '31.155287', '310100024546');
INSERT INTO `tbl_subway_station` VALUES (555, '3100', '上海', '310100024546011', '中春路', '121.337700', '31.149415', '310100024546');
INSERT INTO `tbl_subway_station` VALUES (556, '3100', '上海', '310100024546010', '九亭', '121.319423', '31.137252', '310100024546');
INSERT INTO `tbl_subway_station` VALUES (557, '3100', '上海', '310100024546009', '泗泾', '121.260247', '31.118272', '310100024546');
INSERT INTO `tbl_subway_station` VALUES (558, '3100', '上海', '310100024546008', '佘山', '121.229686', '31.104097', '310100024546');
INSERT INTO `tbl_subway_station` VALUES (559, '3100', '上海', '310100024546007', '洞泾', '121.230473', '31.084492', '310100024546');
INSERT INTO `tbl_subway_station` VALUES (560, '3100', '上海', '310100024546006', '松江大学城', '121.232577', '31.053984', '310100024546');
INSERT INTO `tbl_subway_station` VALUES (561, '3100', '上海', '310100024546005', '松江新城', '121.230739', '31.030295', '310100024546');
INSERT INTO `tbl_subway_station` VALUES (562, '3100', '上海', '310100024546004', '松江体育中心', '121.230504', '31.016038', '310100024546');
INSERT INTO `tbl_subway_station` VALUES (563, '3100', '上海', '310100024546003', '醉白池', '121.229361', '31.001125', '310100024546');
INSERT INTO `tbl_subway_station` VALUES (564, '3100', '上海', '310100024546002', '松江南站', '121.230884', '30.984818', '310100024546');
INSERT INTO `tbl_subway_station` VALUES (565, '3100', '上海', '310100027703028', '新江湾城', '121.506951', '31.328496', '310100027703|310100027704');
INSERT INTO `tbl_subway_station` VALUES (566, '3100', '上海', '310100027703027', '殷高东路', '121.506797', '31.321768', '310100027703|310100027704');
INSERT INTO `tbl_subway_station` VALUES (567, '3100', '上海', '310100027703026', '三门路', '121.508340', '31.313214', '310100027703|310100027704');
INSERT INTO `tbl_subway_station` VALUES (568, '3100', '上海', '310100027703025', '江湾体育场', '121.513314', '31.304293', '310100027703|310100027704');
INSERT INTO `tbl_subway_station` VALUES (569, '3100', '上海', '310100027703024', '五角场', '121.514632', '31.298043', '310100027703|310100027704');
INSERT INTO `tbl_subway_station` VALUES (570, '3100', '上海', '310100027703023', '国权路', '121.510024', '31.289276', '310100027703|310100027704');
INSERT INTO `tbl_subway_station` VALUES (571, '3100', '上海', '310100027703022', '同济大学', '121.506357', '31.282086', '310100027703|310100027704');
INSERT INTO `tbl_subway_station` VALUES (572, '3100', '上海', '310100027703020', '邮电新村', '121.494362', '31.268533', '310100027703|310100027704');
INSERT INTO `tbl_subway_station` VALUES (573, '3100', '上海', '310100027703018', '四川北路', '121.484208', '31.252035', '310100027703|310100027704');
INSERT INTO `tbl_subway_station` VALUES (574, '3100', '上海', '310100025711016', '天潼路', '121.482473', '31.243829', '310100027703|310100027704|310100025711');
INSERT INTO `tbl_subway_station` VALUES (575, '3100', '上海', '310100027599018', '豫园', '121.487473', '31.227801', '310100027703|310100027704');
INSERT INTO `tbl_subway_station` VALUES (576, '3100', '上海', '310100024524015', '新天地', '121.475182', '31.216367', '310100027703|310100027704|310100024524');
INSERT INTO `tbl_subway_station` VALUES (577, '3100', '上海', '310100027703011', '上海图书馆', '121.444363', '31.207960', '310100027703|310100027704');
INSERT INTO `tbl_subway_station` VALUES (578, '3100', '上海', '310100024518022', '交通大学', '121.435253', '31.202213', '310100027703|310100027704|310100024518|310100027601');
INSERT INTO `tbl_subway_station` VALUES (579, '3100', '上海', '310100027703008', '宋园路', '121.412080', '31.196540', '310100027703|310100027704');
INSERT INTO `tbl_subway_station` VALUES (580, '3100', '上海', '310100027703007', '伊犁路', '121.403899', '31.198880', '310100027703|310100027704');
INSERT INTO `tbl_subway_station` VALUES (581, '3100', '上海', '310100027703006', '水城路', '121.392259', '31.199482', '310100027703|310100027704');
INSERT INTO `tbl_subway_station` VALUES (582, '3100', '上海', '310100027703005', '龙溪路', '121.380034', '31.194400', '310100027703|310100027704');
INSERT INTO `tbl_subway_station` VALUES (583, '3100', '上海', '310100027703004', '龙柏新村', '121.370480', '31.176882', '310100027703');
INSERT INTO `tbl_subway_station` VALUES (584, '3100', '上海', '310100027703003', '紫藤路', '121.364831', '31.169674', '310100027703');
INSERT INTO `tbl_subway_station` VALUES (585, '3100', '上海', '310100027703002', '航中路', '121.355336', '31.165417', '310100027703');
INSERT INTO `tbl_subway_station` VALUES (586, '3100', '上海', '310100027704005', '上海动物园', '121.368137', '31.190246', '310100027704');
INSERT INTO `tbl_subway_station` VALUES (587, '3100', '上海', '310100027704004', '虹桥1号航站楼', '121.347371', '31.191363', '310100027704');
INSERT INTO `tbl_subway_station` VALUES (588, '3100', '上海', '310100027601002', '嘉定北', '121.237350', '31.391549', '310100027601');
INSERT INTO `tbl_subway_station` VALUES (589, '3100', '上海', '310100027601003', '嘉定西', '121.227855', '31.377107', '310100027601');
INSERT INTO `tbl_subway_station` VALUES (590, '3100', '上海', '310100027601004', '白银路', '121.245350', '31.345359', '310100027601');
INSERT INTO `tbl_subway_station` VALUES (591, '3100', '上海', '310100024518009', '嘉定新城', '121.254294', '31.330062', '310100024518|310100027601');
INSERT INTO `tbl_subway_station` VALUES (592, '3100', '上海', '310100024518010', '马陆', '121.276906', '31.319675', '310100024518|310100027601');
INSERT INTO `tbl_subway_station` VALUES (593, '3100', '上海', '310100024518011', '南翔', '121.323141', '31.296952', '310100024518|310100027601');
INSERT INTO `tbl_subway_station` VALUES (594, '3100', '上海', '310100024518012', '桃浦新村', '121.349623', '31.281603', '310100024518|310100027601');
INSERT INTO `tbl_subway_station` VALUES (595, '3100', '上海', '310100024518013', '武威路', '121.364678', '31.276646', '310100027601|310100024518');
INSERT INTO `tbl_subway_station` VALUES (596, '3100', '上海', '310100024518014', '祁连山路', '121.376035', '31.271650', '310100027601|310100024518');
INSERT INTO `tbl_subway_station` VALUES (597, '3100', '上海', '310100024518015', '李子园', '121.389969', '31.269020', '310100027601|310100024518');
INSERT INTO `tbl_subway_station` VALUES (598, '3100', '上海', '310100024518016', '上海西站', '121.400926', '31.262693', '310100027601|310100024518');
INSERT INTO `tbl_subway_station` VALUES (599, '3100', '上海', '310100024518017', '真如', '121.407219', '31.250767', '310100027601|310100024518');
INSERT INTO `tbl_subway_station` VALUES (600, '3100', '上海', '310100024518018', '枫桥路', '121.411402', '31.241850', '310100027601|310100024518');
INSERT INTO `tbl_subway_station` VALUES (601, '3100', '上海', '310100024518020', '隆德路', '121.423576', '31.230509', '310100024518|310100027601|310100024524');
INSERT INTO `tbl_subway_station` VALUES (602, '3100', '上海', '310100024518024', '上海游泳馆', '121.441424', '31.179123', '310100027601|310100024518');
INSERT INTO `tbl_subway_station` VALUES (603, '3100', '上海', '310100024518025', '龙华', '121.452958', '31.172672', '310100027601|310100024518|310100025711');
INSERT INTO `tbl_subway_station` VALUES (604, '3100', '上海', '310100024518026', '云锦路', '121.458519', '31.166488', '310100027601|310100024518');
INSERT INTO `tbl_subway_station` VALUES (605, '3100', '上海', '310100024518027', '龙耀路', '121.459702', '31.159720', '310100024518|310100027601');
INSERT INTO `tbl_subway_station` VALUES (606, '3100', '上海', '310100024518029', '三林', '121.511594', '31.143172', '310100024518|310100027601');
INSERT INTO `tbl_subway_station` VALUES (607, '3100', '上海', '310100024518030', '三林东', '121.522999', '31.146459', '310100024518|310100027601');
INSERT INTO `tbl_subway_station` VALUES (608, '3100', '上海', '310100024518031', '浦三路', '121.539005', '31.150861', '310100027601|310100024518');
INSERT INTO `tbl_subway_station` VALUES (609, '3100', '上海', '310100024518032', '御桥', '121.570914', '31.158131', '310100027601|310100024518');
INSERT INTO `tbl_subway_station` VALUES (610, '3100', '上海', '310100024518033', '罗山路', '121.593152', '31.153259', '310100027601|310100024518|310100024526');
INSERT INTO `tbl_subway_station` VALUES (611, '3100', '上海', '310100024518034', '秀沿路', '121.598390', '31.138128', '310100027601|310100024518');
INSERT INTO `tbl_subway_station` VALUES (612, '3100', '上海', '310100024518035', '康新公路', '121.617199', '31.130439', '310100027601|310100024518');
INSERT INTO `tbl_subway_station` VALUES (613, '3100', '上海', '310100024518036', '迪士尼', '121.667959', '31.141263', '310100027601|310100024518');
INSERT INTO `tbl_subway_station` VALUES (614, '3100', '上海', '310100024518008', '上海赛车场', '121.226098', '31.331898', '310100024518');
INSERT INTO `tbl_subway_station` VALUES (615, '3100', '上海', '310100024518007', '昌吉东路', '121.200384', '31.293620', '310100024518');
INSERT INTO `tbl_subway_station` VALUES (616, '3100', '上海', '310100024518006', '上海汽车城', '121.180742', '31.285403', '310100024518');
INSERT INTO `tbl_subway_station` VALUES (617, '3100', '上海', '310100024518005', '安亭', '121.161985', '31.288490', '310100024518');
INSERT INTO `tbl_subway_station` VALUES (618, '3100', '上海', '310100024518004', '兆丰路', '121.150315', '31.289048', '310100024518');
INSERT INTO `tbl_subway_station` VALUES (619, '3100', '上海', '310100024518003', '光明路', '121.117186', '31.296210', '310100024518');
INSERT INTO `tbl_subway_station` VALUES (620, '3100', '上海', '310100024518002', '花桥', '121.104407', '31.298790', '310100024518');
INSERT INTO `tbl_subway_station` VALUES (621, '3100', '上海', '310100025711033', '七莘路', '121.362464', '31.131638', '310100025711');
INSERT INTO `tbl_subway_station` VALUES (622, '3100', '上海', '310100025711032', '虹莘路', '121.380348', '31.137448', '310100025711');
INSERT INTO `tbl_subway_station` VALUES (623, '3100', '上海', '310100025711031', '顾戴路', '121.391856', '31.140890', '310100025711');
INSERT INTO `tbl_subway_station` VALUES (624, '3100', '上海', '310100025711030', '东兰路', '121.391915', '31.155823', '310100025711');
INSERT INTO `tbl_subway_station` VALUES (625, '3100', '上海', '310100025711029', '虹梅路', '121.397250', '31.160350', '310100025711');
INSERT INTO `tbl_subway_station` VALUES (626, '3100', '上海', '310100025711028', '虹漕路', '121.410553', '31.164033', '310100025711');
INSERT INTO `tbl_subway_station` VALUES (627, '3100', '上海', '310100025711027', '桂林公园', '121.419654', '31.166986', '310100025711');
INSERT INTO `tbl_subway_station` VALUES (628, '3100', '上海', '310100025711015', '国际客运中心', '121.498158', '31.250160', '310100025711');
INSERT INTO `tbl_subway_station` VALUES (629, '3100', '上海', '310100025711014', '提篮桥', '121.506801', '31.253518', '310100025711');
INSERT INTO `tbl_subway_station` VALUES (630, '3100', '上海', '310100025711012', '江浦公园', '121.523697', '31.264570', '310100025711');
INSERT INTO `tbl_subway_station` VALUES (631, '3100', '上海', '310100025711011', '宁国路', '121.532352', '31.268574', '310100025711');
INSERT INTO `tbl_subway_station` VALUES (632, '3100', '上海', '310100025711010', '隆昌路', '121.544692', '31.275213', '310100025711');
INSERT INTO `tbl_subway_station` VALUES (633, '3100', '上海', '310100025711009', '爱国路', '121.552655', '31.279788', '310100025711');
INSERT INTO `tbl_subway_station` VALUES (634, '3100', '上海', '310100025711008', '复兴岛', '121.561315', '31.280779', '310100025711');
INSERT INTO `tbl_subway_station` VALUES (635, '3100', '上海', '310100025711007', '东陆路', '121.579124', '31.282533', '310100025711');
INSERT INTO `tbl_subway_station` VALUES (636, '3100', '上海', '310100025711005', '杨高北路', '121.602960', '31.280092', '310100025711');
INSERT INTO `tbl_subway_station` VALUES (637, '3100', '上海', '310100025711004', '金京路', '121.615477', '31.279823', '310100025711');
INSERT INTO `tbl_subway_station` VALUES (638, '3100', '上海', '310100025711003', '申江路', '121.626863', '31.280231', '310100025711');
INSERT INTO `tbl_subway_station` VALUES (639, '3100', '上海', '310100024524008', '金运路', '121.319308', '31.240986', '310100024524');
INSERT INTO `tbl_subway_station` VALUES (640, '3100', '上海', '310100024524007', '金沙江西路', '121.335156', '31.241152', '310100024524');
INSERT INTO `tbl_subway_station` VALUES (641, '3100', '上海', '310100024524006', '丰庄', '121.355141', '31.242553', '310100024524');
INSERT INTO `tbl_subway_station` VALUES (642, '3100', '上海', '310100024524005', '祁连山南路', '121.367275', '31.237625', '310100024524');
INSERT INTO `tbl_subway_station` VALUES (643, '3100', '上海', '310100024524004', '真北路', '121.381946', '31.232243', '310100024524');
INSERT INTO `tbl_subway_station` VALUES (644, '3100', '上海', '310100024524003', '大渡河路', '121.394431', '31.231752', '310100024524');
INSERT INTO `tbl_subway_station` VALUES (645, '3100', '上海', '310100024524010', '武宁路', '121.430504', '31.234346', '310100024524');
INSERT INTO `tbl_subway_station` VALUES (646, '3100', '上海', '310100024524020', '江宁路', '121.444830', '31.244282', '310100024524');
INSERT INTO `tbl_subway_station` VALUES (647, '3100', '上海', '310100024524018', '自然博物馆', '121.462366', '31.236451', '310100024524');
INSERT INTO `tbl_subway_station` VALUES (648, '3100', '上海', '310100024524016', '淮海中路', '121.464514', '31.220280', '310100024524');
INSERT INTO `tbl_subway_station` VALUES (649, '3100', '上海', '310100024524013', '世博会博物馆', '121.481592', '31.197572', '310100024524');
INSERT INTO `tbl_subway_station` VALUES (650, '3100', '上海', '310100024524012', '世博大道', '121.484313', '31.182789', '310100024524');
INSERT INTO `tbl_subway_station` VALUES (651, '3100', '上海', '310100024524029', '华鹏路', '121.526567', '31.176276', '310100024524');
INSERT INTO `tbl_subway_station` VALUES (652, '3100', '上海', '310100024524028', '下南路', '121.540189', '31.179295', '310100024524');
INSERT INTO `tbl_subway_station` VALUES (653, '3100', '上海', '310100024524027', '北蔡', '121.552017', '31.180131', '310100024524');
INSERT INTO `tbl_subway_station` VALUES (654, '3100', '上海', '310100024524026', '陈春路', '121.557708', '31.174756', '310100024524');
INSERT INTO `tbl_subway_station` VALUES (655, '3100', '上海', '310100024524025', '莲溪路', '121.566414', '31.169110', '310100024524');
INSERT INTO `tbl_subway_station` VALUES (656, '3100', '上海', '310100024524024', '华夏中路', '121.583109', '31.175759', '310100024524|310100024526');
INSERT INTO `tbl_subway_station` VALUES (657, '3100', '上海', '310100024524023', '中科路', '121.602465', '31.178862', '310100024524');
INSERT INTO `tbl_subway_station` VALUES (658, '3100', '上海', '310100024524022', '学林路', '121.614363', '31.183476', '310100024524');
INSERT INTO `tbl_subway_station` VALUES (659, '3100', '上海', '310100024524021', '张江路', '121.629182', '31.189130', '310100024524');
INSERT INTO `tbl_subway_station` VALUES (660, '3100', '上海', '310100024526011', '周浦东', '121.606895', '31.110038', '310100024526');
INSERT INTO `tbl_subway_station` VALUES (661, '3100', '上海', '310100024526010', '鹤沙航城', '121.611239', '31.077797', '310100024526');
INSERT INTO `tbl_subway_station` VALUES (662, '3100', '上海', '310100024526009', '航头东', '121.617494', '31.054919', '310100024526');
INSERT INTO `tbl_subway_station` VALUES (663, '3100', '上海', '310100024526008', '新场', '121.648980', '31.045561', '310100024526');
INSERT INTO `tbl_subway_station` VALUES (664, '3100', '上海', '310100024526007', '野生动物园', '121.699218', '31.050325', '310100024526');
INSERT INTO `tbl_subway_station` VALUES (665, '3100', '上海', '310100024526006', '惠南', '121.761677', '31.053828', '310100024526');
INSERT INTO `tbl_subway_station` VALUES (666, '3100', '上海', '310100024526005', '惠南东', '121.793800', '31.026448', '310100024526');
INSERT INTO `tbl_subway_station` VALUES (667, '3100', '上海', '310100024526004', '书院', '121.850520', '30.959264', '310100024526');
INSERT INTO `tbl_subway_station` VALUES (668, '3100', '上海', '310100024526003', '临港大道', '121.910851', '30.923519', '310100024526');
INSERT INTO `tbl_subway_station` VALUES (669, '3100', '上海', '310100024526002', '滴水湖', '121.929583', '30.907245', '310100024526');
INSERT INTO `tbl_subway_station` VALUES (670, '3100', '上海', '900000039799012', '诸光路', '121.293040', '31.191678', '900000039799');
INSERT INTO `tbl_subway_station` VALUES (671, '3100', '上海', '900000039799011', '蟠龙路', '121.278645', '31.186328', '900000039799');
INSERT INTO `tbl_subway_station` VALUES (672, '3100', '上海', '900000039799010', '徐盈路', '121.253976', '31.178101', '900000039799');
INSERT INTO `tbl_subway_station` VALUES (673, '3100', '上海', '900000039799009', '徐泾北城', '121.241668', '31.175518', '900000039799');
INSERT INTO `tbl_subway_station` VALUES (674, '3100', '上海', '900000039799008', '嘉松中路', '121.223916', '31.164099', '900000039799');
INSERT INTO `tbl_subway_station` VALUES (675, '3100', '上海', '900000039799007', '赵巷', '121.192279', '31.161247', '900000039799');
INSERT INTO `tbl_subway_station` VALUES (676, '3100', '上海', '900000039799006', '汇金路', '121.151665', '31.161221', '900000039799');
INSERT INTO `tbl_subway_station` VALUES (677, '3100', '上海', '900000039799005', '青浦新城', '121.125670', '31.158925', '900000039799');
INSERT INTO `tbl_subway_station` VALUES (678, '3100', '上海', '900000039799004', '漕盈路', '121.096889', '31.160467', '900000039799');
INSERT INTO `tbl_subway_station` VALUES (679, '3100', '上海', '900000039799003', '淀山湖大道', '121.082134', '31.134460', '900000039799');
INSERT INTO `tbl_subway_station` VALUES (680, '3100', '上海', '900000039799002', '朱家角', '121.048989', '31.100594', '900000039799');
INSERT INTO `tbl_subway_station` VALUES (681, '3100', '上海', '900000039799001', '东方绿舟', '121.019534', '31.098544', '900000039799');
INSERT INTO `tbl_subway_station` VALUES (682, '3100', '上海', '900000039797005', '三鲁公路', '121.527389', '31.056108', '900000039797');
INSERT INTO `tbl_subway_station` VALUES (683, '3100', '上海', '900000039797004', '闵瑞路', '121.530323', '31.047956', '900000039797');
INSERT INTO `tbl_subway_station` VALUES (684, '3100', '上海', '900000039797003', '浦航路', '121.530591', '31.040993', '900000039797');
INSERT INTO `tbl_subway_station` VALUES (685, '3100', '上海', '900000039797002', '东城一路', '121.532093', '31.030390', '900000039797');
INSERT INTO `tbl_subway_station` VALUES (686, '3100', '上海', '900000039797001', '汇臻路', '121.524558', '31.025245', '900000039797');


-- ----------------------------
-- Table structure for tbl_role
-- ----------------------------
DROP TABLE IF EXISTS `tbl_role`;
CREATE TABLE `tbl_role`  (
  `id` int(11) UNSIGNED NOT NULL AUTO_INCREMENT COMMENT 'id',
  `user_id` int(11) UNSIGNED NOT NULL COMMENT '用户id',
  `name` varchar(32) CHARACTER SET utf8 COLLATE utf8_general_ci NOT NULL COMMENT '角色名称',
  PRIMARY KEY (`id`) USING BTREE,
  UNIQUE INDEX `user_id_and_name`(`user_id`, `name`) USING BTREE COMMENT '用户id与名称唯一索引'
) ENGINE = InnoDB AUTO_INCREMENT = 26 CHARACTER SET = utf8 COLLATE = utf8_general_ci COMMENT = '用户角色表' ROW_FORMAT = Dynamic;

-- ----------------------------
-- Records of tbl_role
-- ----------------------------
INSERT INTO `tbl_role` VALUES (1, 1, 'USER');
INSERT INTO `tbl_role` VALUES (2, 2, 'ADMIN');
INSERT INTO `tbl_role` VALUES (3, 3, 'USER');
INSERT INTO `tbl_role` VALUES (4, 4, 'USER');
INSERT INTO `tbl_role` VALUES (5, 5, 'USER');
INSERT INTO `tbl_role` VALUES (6, 6, 'USER');
INSERT INTO `tbl_role` VALUES (7, 7, 'USER');
INSERT INTO `tbl_role` VALUES (8, 8, 'USER');
INSERT INTO `tbl_role` VALUES (9, 9, 'ADMIN');
INSERT INTO `tbl_role` VALUES (10, 10, 'ADMIN');
INSERT INTO `tbl_role` VALUES (12, 12, 'ADMIN');
INSERT INTO `tbl_role` VALUES (13, 13, 'ADMIN');
INSERT INTO `tbl_role` VALUES (14, 14, 'ADMIN');
INSERT INTO `tbl_role` VALUES (15, 15, 'ADMIN');
INSERT INTO `tbl_role` VALUES (16, 16, 'ADMIN');
INSERT INTO `tbl_role` VALUES (17, 17, 'ADMIN');
INSERT INTO `tbl_role` VALUES (18, 18, 'ADMIN');
INSERT INTO `tbl_role` VALUES (19, 19, 'ADMIN');
INSERT INTO `tbl_role` VALUES (20, 20, 'ADMIN');
INSERT INTO `tbl_role` VALUES (21, 21, 'ADMIN');
INSERT INTO `tbl_role` VALUES (22, 22, 'ADMIN');
INSERT INTO `tbl_role` VALUES (23, 23, 'ADMIN');
INSERT INTO `tbl_role` VALUES (24, 24, 'ADMIN');
INSERT INTO `tbl_role` VALUES (25, 25, 'ADMIN');

-- ----------------------------
-- Table structure for tbl_subway
-- ----------------------------
DROP TABLE IF EXISTS `tbl_subway`;
CREATE TABLE `tbl_subway`  (
  `id` int(11) NOT NULL COMMENT 'id',
  `name` varchar(32) CHARACTER SET utf8 COLLATE utf8_general_ci NOT NULL COMMENT '线路名称',
  `city_en_name` varchar(32) CHARACTER SET utf8 COLLATE utf8_general_ci NOT NULL COMMENT '所属城市拼音首字母缩写',
  PRIMARY KEY (`id`) USING BTREE,
  INDEX `index_on_city`(`city_en_name`) USING BTREE COMMENT '城市索引'
) ENGINE = InnoDB CHARACTER SET = utf8 COLLATE = utf8_general_ci COMMENT = '地铁线路表' ROW_FORMAT = Dynamic;

-- ----------------------------
-- Records of subway
-- ----------------------------
INSERT INTO `subway` VALUES (1, '13号线', 'bj');
INSERT INTO `subway` VALUES (2, '1号线', 'bj');
INSERT INTO `subway` VALUES (3, '2号线', 'bj');
INSERT INTO `subway` VALUES (4, '10号线', 'bj');
INSERT INTO `subway` VALUES (5, '8号线', 'bj');
INSERT INTO `subway` VALUES (6, '9号线', 'bj');
INSERT INTO `subway` VALUES (7, '7号线', 'bj');
INSERT INTO `subway` VALUES (8, '1号线', 'hz');
INSERT INTO `subway` VALUES (9, '2号线', 'hz');
INSERT INTO `subway` VALUES (10, '4号线', 'hz');
INSERT INTO `subway` VALUES (11, '5号线', 'hz');
INSERT INTO `subway` VALUES (12, '16号线', 'hz');

-- ----------------------------
-- Table structure for subway_station
-- ----------------------------
DROP TABLE IF EXISTS `subway_station`;
CREATE TABLE `subway_station`  (
  `id` int(11) UNSIGNED NOT NULL AUTO_INCREMENT COMMENT 'id',
  `subway_id` int(11) NOT NULL COMMENT '所属地铁id',
  `name` varchar(32) CHARACTER SET utf8 COLLATE utf8_general_ci NOT NULL COMMENT '地铁站名称',
  PRIMARY KEY (`id`) USING BTREE,
  UNIQUE INDEX `unique_station`(`subway_id`, `name`) USING BTREE COMMENT '地铁线路id与地铁站名称唯一索引'
) ENGINE = InnoDB AUTO_INCREMENT = 206 CHARACTER SET = utf8 COLLATE = utf8_general_ci COMMENT = '地铁站信息表' ROW_FORMAT = Dynamic;

-- ----------------------------
-- Records of subway_station
-- ----------------------------
INSERT INTO `subway_station` VALUES (5, 1, '上地');
INSERT INTO `subway_station` VALUES (16, 1, '东直门');
INSERT INTO `subway_station` VALUES (4, 1, '五道口');
INSERT INTO `subway_station` VALUES (14, 1, '光熙门');
INSERT INTO `subway_station` VALUES (11, 1, '北苑');
INSERT INTO `subway_station` VALUES (8, 1, '回龙观');
INSERT INTO `subway_station` VALUES (2, 1, '大钟寺');
INSERT INTO `subway_station` VALUES (12, 1, '望京西');
INSERT INTO `subway_station` VALUES (15, 1, '柳芳');
INSERT INTO `subway_station` VALUES (3, 1, '知春路');
INSERT INTO `subway_station` VALUES (10, 1, '立水桥');
INSERT INTO `subway_station` VALUES (13, 1, '芍药居');
INSERT INTO `subway_station` VALUES (6, 1, '西二旗');
INSERT INTO `subway_station` VALUES (1, 1, '西直门');
INSERT INTO `subway_station` VALUES (9, 1, '霍营');
INSERT INTO `subway_station` VALUES (7, 1, '龙泽');
INSERT INTO `subway_station` VALUES (33, 4, '三元家庄');
INSERT INTO `subway_station` VALUES (51, 4, '三元桥');
INSERT INTO `subway_station` VALUES (41, 4, '丰台站');
INSERT INTO `subway_station` VALUES (52, 4, '亮马桥');
INSERT INTO `subway_station` VALUES (27, 4, '健德门');
INSERT INTO `subway_station` VALUES (46, 4, '公主坟');
INSERT INTO `subway_station` VALUES (44, 4, '六里桥');
INSERT INTO `subway_station` VALUES (53, 4, '农业展览馆');
INSERT INTO `subway_station` VALUES (62, 4, '分钟寺');
INSERT INTO `subway_station` VALUES (59, 4, '劲松');
INSERT INTO `subway_station` VALUES (28, 4, '北土城');
INSERT INTO `subway_station` VALUES (61, 4, '十里河');
INSERT INTO `subway_station` VALUES (58, 4, '双井');
INSERT INTO `subway_station` VALUES (55, 4, '呼家楼');
INSERT INTO `subway_station` VALUES (54, 4, '团结湖');
INSERT INTO `subway_station` VALUES (57, 4, '国贸');
INSERT INTO `subway_station` VALUES (35, 4, '大红门');
INSERT INTO `subway_station` VALUES (32, 4, '太阳宫');
INSERT INTO `subway_station` VALUES (29, 4, '安贞门');
INSERT INTO `subway_station` VALUES (64, 4, '宋家庄');
INSERT INTO `subway_station` VALUES (20, 4, '巴沟');
INSERT INTO `subway_station` VALUES (30, 4, '惠新西街南口');
INSERT INTO `subway_station` VALUES (48, 4, '慈寿寺');
INSERT INTO `subway_station` VALUES (63, 4, '成寿寺');
INSERT INTO `subway_station` VALUES (42, 4, '泥洼');
INSERT INTO `subway_station` VALUES (22, 4, '海淀黄庄');
INSERT INTO `subway_station` VALUES (60, 4, '潘家园');
INSERT INTO `subway_station` VALUES (19, 4, '火器营');
INSERT INTO `subway_station` VALUES (26, 4, '牡丹园');
INSERT INTO `subway_station` VALUES (24, 4, '知春路');
INSERT INTO `subway_station` VALUES (23, 4, '知春里');
INSERT INTO `subway_station` VALUES (34, 4, '石榴庄');
INSERT INTO `subway_station` VALUES (39, 4, '纪家庙');
INSERT INTO `subway_station` VALUES (31, 4, '芍药居');
INSERT INTO `subway_station` VALUES (21, 4, '苏州街');
INSERT INTO `subway_station` VALUES (38, 4, '草桥');
INSERT INTO `subway_station` VALUES (45, 4, '莲花桥');
INSERT INTO `subway_station` VALUES (25, 4, '西土城');
INSERT INTO `subway_station` VALUES (43, 4, '西局');
INSERT INTO `subway_station` VALUES (47, 4, '西钓鱼台');
INSERT INTO `subway_station` VALUES (36, 4, '角门东');
INSERT INTO `subway_station` VALUES (37, 4, '角门西');
INSERT INTO `subway_station` VALUES (17, 4, '车道沟');
INSERT INTO `subway_station` VALUES (56, 4, '金台夕照');
INSERT INTO `subway_station` VALUES (18, 4, '长春桥');
INSERT INTO `subway_station` VALUES (40, 4, '首经贸');
INSERT INTO `subway_station` VALUES (79, 8, '七堡站');
INSERT INTO `subway_station` VALUES (103, 8, '下沙江滨站');
INSERT INTO `subway_station` VALUES (97, 8, '下沙西站');
INSERT INTO `subway_station` VALUES (70, 8, '临平站');
INSERT INTO `subway_station` VALUES (75, 8, '乔司南站');
INSERT INTO `subway_station` VALUES (74, 8, '乔司站');
INSERT INTO `subway_station` VALUES (78, 8, '九和路站');
INSERT INTO `subway_station` VALUES (77, 8, '九堡站');
INSERT INTO `subway_station` VALUES (102, 8, '云水站');
INSERT INTO `subway_station` VALUES (72, 8, '余杭高铁站站');
INSERT INTO `subway_station` VALUES (86, 8, '凤起路站');
INSERT INTO `subway_station` VALUES (71, 8, '南苑站');
INSERT INTO `subway_station` VALUES (89, 8, '城站站');
INSERT INTO `subway_station` VALUES (90, 8, '婺江路站');
INSERT INTO `subway_station` VALUES (88, 8, '定安路站');
INSERT INTO `subway_station` VALUES (76, 8, '客运中心站');
INSERT INTO `subway_station` VALUES (80, 8, '彭埠站');
INSERT INTO `subway_station` VALUES (83, 8, '打铁关站');
INSERT INTO `subway_station` VALUES (100, 8, '文泽路站');
INSERT INTO `subway_station` VALUES (101, 8, '文海南路站');
INSERT INTO `subway_station` VALUES (85, 8, '武林广场站');
INSERT INTO `subway_station` VALUES (92, 8, '江陵路站');
INSERT INTO `subway_station` VALUES (96, 8, '湘湖站');
INSERT INTO `subway_station` VALUES (93, 8, '滨和路站');
INSERT INTO `subway_station` VALUES (95, 8, '滨康路站');
INSERT INTO `subway_station` VALUES (81, 8, '火车东站站');
INSERT INTO `subway_station` VALUES (73, 8, '翁梅站');
INSERT INTO `subway_station` VALUES (94, 8, '西兴站');
INSERT INTO `subway_station` VALUES (84, 8, '西湖文化广场站');
INSERT INTO `subway_station` VALUES (91, 8, '近江站');
INSERT INTO `subway_station` VALUES (98, 8, '金沙湖站');
INSERT INTO `subway_station` VALUES (82, 8, '闸弄口站');
INSERT INTO `subway_station` VALUES (99, 8, '高沙路站');
INSERT INTO `subway_station` VALUES (87, 8, '龙翔桥站');
INSERT INTO `subway_station` VALUES (129, 9, '三坝站');
INSERT INTO `subway_station` VALUES (131, 9, '三墩站');
INSERT INTO `subway_station` VALUES (124, 9, '下宁桥站');
INSERT INTO `subway_station` VALUES (120, 9, '中河北路站');
INSERT INTO `subway_station` VALUES (127, 9, '丰潭路站');
INSERT INTO `subway_station` VALUES (109, 9, '人民广场站');
INSERT INTO `subway_station` VALUES (107, 9, '人民路站');
INSERT INTO `subway_station` VALUES (121, 9, '凤起路站');
INSERT INTO `subway_station` VALUES (126, 9, '古翠路站');
INSERT INTO `subway_station` VALUES (132, 9, '墩祥街站');
INSERT INTO `subway_station` VALUES (125, 9, '学院路站');
INSERT INTO `subway_station` VALUES (117, 9, '庆春广场站');
INSERT INTO `subway_station` VALUES (118, 9, '庆菱路站');
INSERT INTO `subway_station` VALUES (119, 9, '建国北路站');
INSERT INTO `subway_station` VALUES (110, 9, '建设一路站');
INSERT INTO `subway_station` VALUES (111, 9, '建设三路站');
INSERT INTO `subway_station` VALUES (112, 9, '振宁路站');
INSERT INTO `subway_station` VALUES (128, 9, '文新站');
INSERT INTO `subway_station` VALUES (105, 9, '曹家桥站');
INSERT INTO `subway_station` VALUES (104, 9, '朝阳站');
INSERT INTO `subway_station` VALUES (135, 9, '杜甫村站');
INSERT INTO `subway_station` VALUES (108, 9, '杭发厂站');
INSERT INTO `subway_station` VALUES (122, 9, '武林门站');
INSERT INTO `subway_station` VALUES (123, 9, '沈塘桥站');
INSERT INTO `subway_station` VALUES (106, 9, '潘水站');
INSERT INTO `subway_station` VALUES (134, 9, '白洋站');
INSERT INTO `subway_station` VALUES (114, 9, '盈丰路站');
INSERT INTO `subway_station` VALUES (136, 9, '良渚站');
INSERT INTO `subway_station` VALUES (130, 9, '虾龙圩站');
INSERT INTO `subway_station` VALUES (133, 9, '金家渡站');
INSERT INTO `subway_station` VALUES (115, 9, '钱江世纪城站');
INSERT INTO `subway_station` VALUES (116, 9, '钱江路站');
INSERT INTO `subway_station` VALUES (113, 9, '飞虹路站');
INSERT INTO `subway_station` VALUES (153, 10, '中医药大学站');
INSERT INTO `subway_station` VALUES (149, 10, '南星桥站');
INSERT INTO `subway_station` VALUES (146, 10, '城星路站');
INSERT INTO `subway_station` VALUES (150, 10, '复兴路站');
INSERT INTO `subway_station` VALUES (145, 10, '市民中心站');
INSERT INTO `subway_station` VALUES (138, 10, '彭埠站');
INSERT INTO `subway_station` VALUES (141, 10, '新塘站');
INSERT INTO `subway_station` VALUES (140, 10, '新风站');
INSERT INTO `subway_station` VALUES (142, 10, '景芳站');
INSERT INTO `subway_station` VALUES (154, 10, '杨家墩站');
INSERT INTO `subway_station` VALUES (151, 10, '水澄桥站');
INSERT INTO `subway_station` VALUES (144, 10, '江锦路站');
INSERT INTO `subway_station` VALUES (155, 10, '浦沿站');
INSERT INTO `subway_station` VALUES (139, 10, '火车东站站');
INSERT INTO `subway_station` VALUES (148, 10, '甬江路站');
INSERT INTO `subway_station` VALUES (152, 10, '联庄站');
INSERT INTO `subway_station` VALUES (147, 10, '近江站');
INSERT INTO `subway_station` VALUES (143, 10, '钱江路站');
INSERT INTO `subway_station` VALUES (178, 11, '万安桥站');
INSERT INTO `subway_station` VALUES (166, 11, '三坝站');
INSERT INTO `subway_station` VALUES (163, 11, '五常站');
INSERT INTO `subway_station` VALUES (189, 11, '人民广场站');
INSERT INTO `subway_station` VALUES (181, 11, '候潮门站');
INSERT INTO `subway_station` VALUES (159, 11, '创景路站');
INSERT INTO `subway_station` VALUES (182, 11, '南星桥站');
INSERT INTO `subway_station` VALUES (187, 11, '博奥路站');
INSERT INTO `subway_station` VALUES (193, 11, '双桥站');
INSERT INTO `subway_station` VALUES (168, 11, '和睦站');
INSERT INTO `subway_station` VALUES (171, 11, '善贤站');
INSERT INTO `subway_station` VALUES (179, 11, '城站站');
INSERT INTO `subway_station` VALUES (169, 11, '大运河站');
INSERT INTO `subway_station` VALUES (194, 11, '姑娘桥站');
INSERT INTO `subway_station` VALUES (176, 11, '宝善桥站');
INSERT INTO `subway_station` VALUES (177, 11, '建国北路站');
INSERT INTO `subway_station` VALUES (175, 11, '打铁关站');
INSERT INTO `subway_station` VALUES (170, 11, '拱宸桥东站');
INSERT INTO `subway_station` VALUES (161, 11, '杭师大仓前站');
INSERT INTO `subway_station` VALUES (174, 11, '杭氧站');
INSERT INTO `subway_station` VALUES (162, 11, '永福站');
INSERT INTO `subway_station` VALUES (180, 11, '江城路站');
INSERT INTO `subway_station` VALUES (185, 11, '江晖路站');
INSERT INTO `subway_station` VALUES (165, 11, '浙大紫金港站');
INSERT INTO `subway_station` VALUES (186, 11, '滨康路站');
INSERT INTO `subway_station` VALUES (192, 11, '火车南站站');
INSERT INTO `subway_station` VALUES (157, 11, '绿汀路站');
INSERT INTO `subway_station` VALUES (184, 11, '聚才路站');
INSERT INTO `subway_station` VALUES (190, 11, '育才北路站');
INSERT INTO `subway_station` VALUES (160, 11, '良睦路站');
INSERT INTO `subway_station` VALUES (167, 11, '萍水街站');
INSERT INTO `subway_station` VALUES (158, 11, '葛巷站');
INSERT INTO `subway_station` VALUES (164, 11, '蒋村站');
INSERT INTO `subway_station` VALUES (172, 11, '西文街站');
INSERT INTO `subway_station` VALUES (191, 11, '通惠中路站');
INSERT INTO `subway_station` VALUES (156, 11, '金星站');
INSERT INTO `subway_station` VALUES (188, 11, '金鸡路站');
INSERT INTO `subway_station` VALUES (183, 11, '长河站');
INSERT INTO `subway_station` VALUES (173, 11, '香积寺路站');
INSERT INTO `subway_station` VALUES (203, 12, '中泰站');
INSERT INTO `subway_station` VALUES (196, 12, '临安广场站');
INSERT INTO `subway_station` VALUES (195, 12, '九州街站');
INSERT INTO `subway_station` VALUES (199, 12, '八百里站');
INSERT INTO `subway_station` VALUES (197, 12, '农林大学站');
INSERT INTO `subway_station` VALUES (205, 12, '凤新路站');
INSERT INTO `subway_station` VALUES (201, 12, '南峰站');
INSERT INTO `subway_station` VALUES (202, 12, '南湖站');
INSERT INTO `subway_station` VALUES (204, 12, '禹航路站');
INSERT INTO `subway_station` VALUES (206, 12, '绿汀路站');
INSERT INTO `subway_station` VALUES (200, 12, '青山湖科技城站');
INSERT INTO `subway_station` VALUES (198, 12, '青山湖站');

-- ----------------------------
-- Table structure for tbl_support_address
-- ----------------------------
DROP TABLE IF EXISTS `tbl_support_address`;
CREATE TABLE `tbl_support_address`  (
  `id` int(11) NOT NULL COMMENT 'id',
  `belong_to` varchar(32) CHARACTER SET utf8 COLLATE utf8_general_ci NOT NULL DEFAULT '0' COMMENT '上级行政单位名',
  `en_name` varchar(32) CHARACTER SET utf8 COLLATE utf8_general_ci NOT NULL COMMENT '行政单位英文名缩写',
  `cn_name` varchar(32) CHARACTER SET utf8 COLLATE utf8_general_ci NOT NULL COMMENT '行政单位中文名',
  `level` varchar(16) CHARACTER SET utf8 COLLATE utf8_general_ci NOT NULL COMMENT '行政级别 市:city   地区: region',
  `code` varchar(16) CHARACTER SET utf8 COLLATE utf8_general_ci NOT NULL COMMENT '城市代码',
  `baidu_map_lng` double(32, 7) NOT NULL COMMENT '百度地图经度',
  `baidu_map_lat` double(32, 7) NOT NULL COMMENT '百度地图纬度',
  PRIMARY KEY (`id`) USING BTREE,
  UNIQUE INDEX `unique_en_name_and_belong_to`(`belong_to`, `en_name`, `level`) USING BTREE COMMENT '每个城市的英文名都是独一无二的'
) ENGINE = InnoDB CHARACTER SET = utf8 COLLATE = utf8_general_ci COMMENT = '支持的地区信息表' ROW_FORMAT = Dynamic;

-- ----------------------------
-- Records of tbl_support_address
-- ----------------------------
INSERT INTO `tbl_support_address` VALUES (5, 'sh', 'sh', '上海', 'city', '2900', 121.0000000, 31.0000000);
INSERT INTO `tbl_support_address` VALUES (501, 'sh', 'hpq', '黄浦区', 'region',   '310101', '121.490318', '31.222771');
INSERT INTO `tbl_support_address` VALUES (502, 'sh', 'xhq', '徐汇区', 'region',   '310104', '121.437523', '31.179974');
INSERT INTO `tbl_support_address` VALUES (503, 'sh', 'cnq', '长宁区', 'region',   '310105', '121.422203', '31.218122');
INSERT INTO `tbl_support_address` VALUES (504, 'sh', 'jaq', '静安区', 'region',   '310106', '121.448227', '31.229004');
INSERT INTO `tbl_support_address` VALUES (505, 'sh', 'ptq', '普陀区', 'region',   '310107', '121.392502', '31.241701');
INSERT INTO `tbl_support_address` VALUES (506, 'sh', 'zbq', '闸北区', 'region',   '310108', '121.465691', '31.25318');
INSERT INTO `tbl_support_address` VALUES (507, 'sh', 'hkq', '虹口区', 'region',   '310109', '121.491829', '31.260969');
INSERT INTO `tbl_support_address` VALUES (508, 'sh', 'ypq', '杨浦区', 'region',   '310110', '121.522797', '31.270756');
INSERT INTO `tbl_support_address` VALUES (509, 'sh', 'mhq', '闵行区', 'region',   '310112', '121.375969', '31.111658');
INSERT INTO `tbl_support_address` VALUES (510, 'sh', 'bsq', '宝山区', 'region',   '310113', '121.489937', '31.398895');
INSERT INTO `tbl_support_address` VALUES (511, 'sh', 'jdq', '嘉定区', 'region',   '310114', '121.250336', '31.383524');
INSERT INTO `tbl_support_address` VALUES (512, 'sh', 'pdxq', '浦东新区', 'region','310115', '121.567703', '31.245943');
INSERT INTO `tbl_support_address` VALUES (513, 'sh', 'jsq', '金山区', 'region',   '310116', '121.330734', '30.724697');
INSERT INTO `tbl_support_address` VALUES (514, 'sh', 'sjq', '松江区', 'region',   '310117', '121.223541', '31.03047');
INSERT INTO `tbl_support_address` VALUES (515, 'sh', 'qpq', '青浦区', 'region',   '310118', '121.113022', '31.151209');
INSERT INTO `tbl_support_address` VALUES (516, 'sh', 'fxq', '奉贤区', 'region',   '310120', '121.458473', '30.912346');
INSERT INTO `tbl_support_address` VALUES (517, 'sh', 'cmx', '崇明县', 'region',   '310230', '121.397514', '31.626945');

-- ----------------------------
-- Table structure for tbl_user
-- ----------------------------
DROP TABLE IF EXISTS `tbl_user`;
CREATE TABLE `tbl_user`  (
  `id` int(11) NOT NULL AUTO_INCREMENT COMMENT 'id',
  `name` varchar(64) CHARACTER SET utf8 COLLATE utf8_general_ci NOT NULL COMMENT '用户名',
  `email` varchar(32) CHARACTER SET utf8 COLLATE utf8_general_ci NULL DEFAULT NULL COMMENT '电子邮箱',
  `phone_number` varchar(32) CHARACTER SET utf8 COLLATE utf8_general_ci NOT NULL COMMENT '手机号',
  `password` varchar(64) CHARACTER SET utf8 COLLATE utf8_general_ci NULL DEFAULT NULL COMMENT '密码',
  `status` int(2) NOT NULL DEFAULT 0 COMMENT '用户状态 0: 正常 1: 封禁',
  `create_time` datetime(0) NOT NULL DEFAULT CURRENT_TIMESTAMP COMMENT '创建时间',
  `last_login_time` datetime(0) NOT NULL DEFAULT CURRENT_TIMESTAMP COMMENT '上次登录时间',
  `last_update_time` datetime(0) NOT NULL DEFAULT CURRENT_TIMESTAMP ON UPDATE CURRENT_TIMESTAMP(0) COMMENT '上次更新记录时间',
  `avatar` varchar(255) CHARACTER SET utf8 COLLATE utf8_general_ci NULL DEFAULT NULL COMMENT '头像',
  `introduction` varchar(255) CHARACTER SET utf8 COLLATE utf8_general_ci NULL DEFAULT NULL COMMENT '个人介绍',
  `nick_name` varchar(32) CHARACTER SET utf8 COLLATE utf8_general_ci NOT NULL COMMENT '昵称',
  PRIMARY KEY (`id`) USING BTREE,
  UNIQUE INDEX `index_on_phone`(`phone_number`) USING BTREE COMMENT '手机号唯一索引',
  UNIQUE INDEX `index_on_username`(`name`) USING BTREE COMMENT '用户名唯一索引',
  UNIQUE INDEX `index_on_email`(`email`) USING BTREE COMMENT '电子邮箱唯一索引'
) ENGINE = InnoDB AUTO_INCREMENT = 26 CHARACTER SET = utf8 COLLATE = utf8_general_ci COMMENT = '用户基本信息表' ROW_FORMAT = Dynamic;

-- ----------------------------
-- Records of tbl_user
-- ----------------------------
INSERT INTO `tbl_user` VALUES (2, 'admin', 'admin', '17811111111', '$2a$10$KBIS8ORdZoAeB.qPFKjfuuDsNdfa8Ndh8zeZ97icbN.nzHjRgTYVS', 0, '2020-05-28 16:58:45', '2020-05-28 16:58:45', '2020-08-09 18:05:30', 'http://qiniu.annan.top/FohuQ4dERBnfy-61ItqfTWg-F0Lo', '没有什么兴趣爱好', '系统管理员');
INSERT INTO `tbl_user` VALUES (5, '138****8888', '', '13888888888', '1', 0, '2017-11-25 17:56:45', '2017-11-25 17:56:45', '2020-05-22 17:43:02', NULL, NULL, '3');
INSERT INTO `tbl_user` VALUES (12, 'ciel', NULL, '17879523213', '$2a$10$GbGscqfgxvKz1CD23D/h/uOxCYjcIaZwib8HjXMkp4mFRtO04DgU6', 0, '2020-05-25 17:28:25', '2020-05-25 17:28:25', '2020-06-12 11:55:21', 'http://qiniu.annan.top/Fka2aHz-0iCj8g47xZVXWj5dF440', '会喊 666 的咸鱼', 'ciel');
INSERT INTO `tbl_user` VALUES (14, 'Annan', NULL, '17879502601', '$2a$10$zotOV8Rm78/mYMqv9EVgX.9i0xUJP9WyYzVN3bRjhT9cbU4QsMNcW', 0, '2020-06-03 14:47:30', '2020-06-03 14:47:30', '2020-08-12 20:19:51', NULL, '热爱生活。热爱搬砖', 'Annan');
INSERT INTO `tbl_user` VALUES (15, 'zfyh13511111111', NULL, '13511111111', '$2a$10$0KYCv.LJ6Fn/8MY.RX.1..rfLsgpAsKpU7rAHBrBjufDlIm1HiN5K', 0, '2020-07-07 15:53:17', '2020-07-07 15:53:17', '2020-07-07 15:53:17', NULL, NULL, 'zfyh13511111111');
INSERT INTO `tbl_user` VALUES (17, 'zfyh17879520880', NULL, '13611111111', '$2a$10$CTc1ixq9DA2daCFHslwUSuvXMxw9NVruLotSCK2gb.NLCL0zqfm5y', 0, '2020-07-07 16:23:53', '2020-07-07 16:23:53', '2020-07-07 16:23:53', NULL, NULL, 'zfyh17879520880');
INSERT INTO `tbl_user` VALUES (18, 'zfyh15997198538', NULL, '13711111111', NULL, 0, '2020-07-07 16:23:54', '2020-07-07 16:23:54', '2020-07-07 16:23:54', NULL, NULL, 'zfyh15997198538');
INSERT INTO `tbl_user` VALUES (19, 'zfyh17879521736', NULL, '13811111111', '$2a$10$V2VCoITx7gdDGOtqhkYhPupGFL0j.EqLrnl86TPEuOS4Pcc4uyei.', 0, '2020-07-08 20:50:14', '2020-07-08 20:50:14', '2020-07-08 20:50:14', NULL, NULL, 'zfyh17879521736');
INSERT INTO `tbl_user` VALUES (20, 'zfyh15705185605', NULL, '13911111111', NULL, 0, '2020-07-09 16:16:34', '2020-07-09 16:16:34', '2020-07-09 16:16:34', NULL, NULL, 'zfyh15705185605');
INSERT INTO `tbl_user` VALUES (21, 'zfyh17316906230', NULL, '15111111111', '$2a$10$V4cQTSxNi.GyikEscFLLQeTntTy4OLbdxnJbdT0kCP4URAM8MWdLa', 0, '2020-07-22 15:43:52', '2020-07-22 15:43:52', '2020-07-22 15:43:52', NULL, NULL, 'zfyh17316906230');
INSERT INTO `tbl_user` VALUES (22, 'zfyh15617813927', NULL, '15211111111', '$2a$10$Kogl71J9adOyz.cQgvB/Mez8kLMLuBz6nZloBNaSACQylpzHRWq2S', 0, '2020-07-22 16:52:50', '2020-07-22 16:52:50', '2020-07-22 16:52:50', NULL, NULL, 'zfyh15617813927');
INSERT INTO `tbl_user` VALUES (23, 'zfyh18667015751', NULL, '15311111111', '$2a$10$da678DaGWnOrIWoLW0eU..tzlfcz/TqVJkVBehFOqttiQRUol3NbS', 0, '2020-08-06 14:41:10', '2020-08-06 14:41:10', '2020-08-06 14:41:34', 'http://qiniu.annan.top/FhX2_LHVnkRtRq8hEnAZqp_xt0r_', NULL, 'zfyh18667015751');
INSERT INTO `tbl_user` VALUES (24, 'zfyh15312226627', NULL, '15411111111', NULL, 0, '2020-08-11 19:24:47', '2020-08-11 19:24:47', '2020-08-11 19:24:47', NULL, NULL, 'zfyh15312226627');
INSERT INTO `tbl_user` VALUES (25, 'zfyh13517015283', NULL, '15811111111', '$2a$10$FzI4ym.J82qPol4c9pxLrucsyjCWyyL9jsWTJtxmjWY7UAq5Bpm06', 0, '2020-08-12 18:21:30', '2020-08-12 18:21:30', '2020-08-12 18:21:30', NULL, NULL, 'zfyh13517015283');

SET FOREIGN_KEY_CHECKS = 1;
